Part,Description,Brand,Category,List Price,Image,Additional Images,Intro,Colour,Range,Pack Size
HY221,Beerline Cleaner Desana 'Verify',Desana,Chemicals & Liquid Hygiene,,,,,,,
HY022,Hand Wash Pump Action,,Chemicals & Liquid Hygiene,,,,,,,
863.202,Hand Wash Soap Silver Buckthorn 5L Refill,Fine Scottish Soap,Chemicals & Liquid Hygiene,,,,,,,
HY103,Drain Cleaner 'One Shot',One Shot,Chemicals & Liquid Hygiene,,,,,,,
HY001,Air Freshner Glade 500ml,SC Johnson,Chemicals & Liquid Hygiene,,,,,,,
HY088,Pledge 400ml,SC Johnson,Chemicals & Liquid Hygiene,,,,,,,
HY035,Toilet Duck 750ml,SC Johnson,Chemicals & Liquid Hygiene,,,,,,,
HY040,Fairy Liquid 900ml,SC Johnson,Chemicals & Liquid Hygiene,,,,,,,
HW462,Handwash Carex Anti Bacterial,SC Johnson,Chemicals & Liquid Hygiene,,,,,,,
HK471,Fairy Liquid Expert,SC Johnson,Chemicals & Liquid Hygiene,,,,,,,
HA509,Hand Soap Anti-Bacterial 5 Litre,,Chemicals & Liquid Hygiene,,,,,,,
FOSAN240,Body Spillage Powder 240g,,Chemicals & Liquid Hygiene,,,,,,,
KT040,Blue Barrel Rolls 2-Ply 150M,C&D,Paper Hygiene,,,,,,,
HY117,Mini Jumbo 2-Ply 150M,C&D,Toilet Rolls & Hand Towels,,,,,,,
HY125,Jumbo Toilet Rolls,C&D,Toilet Rolls & Hand Towels,,,,,,,
HY124S,Toilet Rolls 3-Ply,C&D,Toilet Rolls & Hand Towels,,,,,,,
HY122,Bulk Pack Tissue 2-Ply,C&D,Toilet Rolls & Hand Towels,,,,,,,
HY119,Handtowel White Luxury C-Fold,C&D,Toilet Rolls & Hand Towels,,,,,,,
CT121,Domestic Toilet Roll Economy,C&D,Toilet Rolls & Hand Towels,,,,,,,
HY124,Toilet Roll 2Ply Black and White Pack,C&D,Toilet Rolls & Hand Towels,,,,,,,
HY062,J Cloths,,Cloths & Scourers,,,,,,,
HY158,Sponge Scourers,,Cloths & Scourers,,,,,,,
HY072,Metal Scourers,,Cloths & Scourers,,,,,,,
HY147,Spongetex Cloths,,Cloths & Scourers,,,,,,,
BSS51,Tea Towels,,Cloths & Scourers,,,,,,,
HY177,Microfibre Cloth Blue,,Cloths & Scourers,,,,,,,
HY097,Green Scourers,,Cloths & Scourers,,,,,,,
F962,Griddle Cleaner Pads,,Cloths & Scourers,,,,,,,
E911,Glass Cloths Blue Border Linen 76x51cm,,Cloths & Scourers,,,,,,,
HY162,Duster Yellow,,Cloths & Scourers,,,,,,,
HY212,Handywipe Wrapped Lemon #Ce231,,Cloths & Scourers,,,,,,,
HY161,Gloves Vinyl Large,,Gloves,,,,,,,
HY053,Gloves Vinyl  Medium,,Gloves,,,,,,,
F954-M,Gloves Cleaning Maintainence Medium,,Gloves,,,,,,,
F954-L,Gloves Black Heavy Duty Large,,Gloves,,,,,,,
HY193,Gloves Nitrile Powder Free Large,,Gloves,,,,,,,
Y478M,Gloves Disposable Medium Nitrile 1x100,,Gloves,,,,,,,
HY135,Gloves  Rubber Large Yellow,,Gloves,,,,,,,
HY054,Gloves Rubber Medium Yellow,,Gloves,,,,,,,
HY169,Gloves Heavy Duty Black,,Gloves,,,,,,,
L405,Grillbrush 4 Row,Uropa,Brushes & Squeegees,,,,,,,
L401,TOILET BRUSH SILVER (Brush and Holder),Uropa,Brushes & Squeegees,,,,,,,
L726,Nail Brush Plastic,Uropa,Brushes & Squeegees,,,,,,,
HY017,Broom 12in Hard,,Brushes & Squeegees,,,,,,,
HY018,Broom 24in Soft,,Brushes & Squeegees,,,,,,,
HY144,Dustpan and Brush Set,,Brushes & Squeegees,,,,,,,
BSS45,Spot Sweep Complete,,Brushes & Squeegees,,,,,,,
DOC925,Mini Jumbo S/steel Dispenser,Dolphin,Dispensers,,,,,,,
H098,Soap Dispenser Stainless Steel Horizontal,Dolphin,Dispensers,,,,,,,
DOC4302,Bulk Pack Tissue S/steel Dispenser,Dolphin,Dispensers,,,,,,,
GD836,Blue Centrefeed Dispenser White `,Uropa,Dispensers,,,,,,,
HY100,Pelican Pump for 5L Cont,,Dispensers,,,,,,,
HY065,Kentucky Mopheads,,Mops & Buckets,,,,,,,
HY076,String Mop Head,,Mops & Buckets,,,,,,,
HY064,Mop Handle Kentucky,,Mops & Buckets,,,,,,,
HY148,String Mop Handles,,Mops & Buckets,,,,,,,
L887,Mophead Yellow Kentucky,,Mops & Buckets,,,,,,,
HY205,Mop Head Socket Revalion White and Blue Synthetic,,Mops & Buckets,,,,,,,
HY143,Mop Bucket Lady Bug 24L,,Mops & Buckets,,,,,,,
DL912,Mop Bucket & Wringer Ladybug,,Mops & Buckets,,,,,,,
HY027,Compactor Sacks Black,PMC,Waste Management,,,,"Extra Heavy Duty Compactor Sack, Loose, Black, CASE 80",Black,Pro-Q,80
HY189,Clear Compactor Sacks,PMC,Waste Management,,,,"Extra Heavy Duty Compactor Sack, Loose, Clear, CASE 80",Clear,Pro-Q,80
HY011,Black Sacks,PMC,Waste Management,,,,"CHSA 12kg Medium Duty Sack, Black, Loose, CASE 200",Black,CHSA,200
J649,Bin Tuff 94 Litre,,Waste Management,,,,,,,
BSB01,Bin Slim Jim 87 Litre,,Waste Management,,,,,,,
T640,Sani Bin 20L  Grey,Uropa,Waste Management,,,,,,,
BSS64,Napkins Cocktail Black,,Napkins,,,,,,,
BSS57,Napkin Cocktail White (4000),,Napkins,,,,,,,
BSS63,Napkins Cocktail Beaujolais,,Napkins,,,,,,,
DA127,Napkins 8 Fold White  40Cms (RF162),Swanmill,Napkins,,,,Swantex 40x40cm 2ply recycled white 8fold dinner napkin,white,Swantex,2000
HY187,Napkin Swansoft White 40cm 8-Fold,Swanmill,Napkins,,,,Swansoft 40cm airlaid white 8fold dinner napkin,white,Swansoft,1000
BSS97,Napkin Swansoft Burgundy 40cm 8-Fold,Swanmill,Napkins,,,,,,,
HY190,Napkins Black 40cm 2Ply,Swanmill,Napkins,,,,,,,
KT044,Napkins 40Cms White 2-Ply,Swanmill,Napkins,,,,,,,
BSS136,Napkin Novafold 32x30cm Kraft Brown Knf131Rc1,Swanmill,Napkins,,,,,,,
BSS80,Napkin Swansoft White 40cm 4 Fold,Swanmill,Napkins,,,,,,,
KT042,Napkins White 3 Ply 8-Fold,Swanmill,Napkins,,,,,,,
KT043,Napkins White 33Cms 2-Ply,Swanmill,Napkins,,,,,,,
BSS144,Napkin Swansoft Grey 40cm 8-Fold,Swanmill,Napkins,,,,Swansoft 40cm airlaid grey 8fold dinner napkin,grey,Swansoft,1000
TR002WH,Napkin White 1Ply Compact,Swanmill,Napkins,,,,Swantex 30.5x21cm 1ply compact white napkin,white,Swantex,6000
KT000,Coffee Cup Paper 12oz,,Coffee Cups,,,,,,,
BCO057,Coaster White Waxed Back 90mm,Celebration,Table Covers & Coasters,,,,,,,
SC36250W,Slip Cover Swansilk Wipeable 90cm,Swanmill,Table Covers & Coasters,,,,Swansilk 90x90cm white wipeable slip covers,white,Swansilk,100
TH057,Till Roll Thermal 80x80,,Till Rolls,,,,,,,
TH055,Till Roll 2Ply White/pink 76mm Ad27,,Till Rolls,,,,,,,
TRD248,Pdq Thermal Rolls 57x40x12.7mm,,Till Rolls,,,,,,,
TR0065,Ribbon for Printer  Epson ERC38,,Till Rolls,,,,,,,
CS827,Ice Cream Containers 4L,,Ice Cream Containers,,,,,,,
CS828,Ice Cream Containers 2L,,Ice Cream Containers,,,,,,,
CS829,Lids for Ice Cream Container,,Ice Cream Containers,,,,,,,
