Part,Description,Brand,Category,List Price,Web URL,Image
28-51-162,"Marie Christine Rimmed Plate 17.2cm [6.8""]",Bauscher,Tableware,£7.22,https://www.artis-uk.com/product/28-51-162,https://www.artis-uk.com/wp-content/uploads/28-51-162.jpg
28-51-164,"Marie Christine Rimmed Plate 21.8cm [8.6""]",Bauscher,Tableware,£9.87,https://www.artis-uk.com/product/28-51-164,https://www.artis-uk.com/wp-content/uploads/28-51-164.jpg
28-51-166,"Marie Christine Rimmed Plate 27.6cm [10.9""]",Bauscher,Tableware,£17.61,https://www.artis-uk.com/product/28-51-166,https://www.artis-uk.com/wp-content/uploads/28-51-166.jpg
28-52-144,Marie Christine Rimmed Bowl 23cm [12.25oz],Bauscher,Tableware,£12.99,https://www.artis-uk.com/product/28-52-144,https://www.artis-uk.com/wp-content/uploads/28-52-144.jpg
28-52-148,Marie Christine Rimmed Oval Plate 30x19cm,Bauscher,Tableware,£24.88,https://www.artis-uk.com/product/28-52-148,https://www.artis-uk.com/wp-content/uploads/28-52-148.jpg
40-30-033,Basic Tavola Steak Knife Red,Tramontina,Cutlery,£2.05,https://www.artis-uk.com/product/40-30-033,https://www.artis-uk.com/wp-content/uploads/40-30-033.jpg
40-30-035,Italia Polywood Steak Knife Dark Brown,Tramontina,Cutlery,£2.05,https://www.artis-uk.com/product/40-30-035,https://www.artis-uk.com/wp-content/uploads/40-30-035.jpg
40-30-037,Jumbo Polywood Steak Knife Red,Tramontina,Cutlery,£3.61,https://www.artis-uk.com/product/40-30-037,https://www.artis-uk.com/wp-content/uploads/40-30-037.jpg
40-30-041,Polywood Full Tang Steak Knife Red,Tramontina,Cutlery,£3.86,https://www.artis-uk.com/product/40-30-041,https://www.artis-uk.com/wp-content/uploads/40-30-041.jpg
40-30-044,Jumbo Polywood Rounded Steak Knife Dark Brown,Tramontina,Cutlery,£3.04,https://www.artis-uk.com/product/40-30-044,https://www.artis-uk.com/wp-content/uploads/40-30-044.jpg
03-28-101,Mixing Glass 47cl [16.5oz],Libbey,Barware,£4.35,https://www.artis-uk.com/product/03-28-101,https://www.artis-uk.com/wp-content/uploads/03-28-101.jpg
45-00-001,47Ronin Tin-Tin Shaker Vintage Pewter 63cl [22.25oz],ARTBAR by Artis,Barware,£50.20,https://www.artis-uk.com/product/45-00-001,https://www.artis-uk.com/wp-content/uploads/45-00-001.jpg
45-00-002,47Ronin Tin-Tin Shaker Copper 63cl [22.25oz],ARTBAR by Artis,Barware,£50.20,https://www.artis-uk.com/product/45-00-002,https://www.artis-uk.com/wp-content/uploads/45-00-002.jpg
45-00-005,Double Fine Strainer S/S,ARTBAR by Artis,Barware,£11.00,https://www.artis-uk.com/product/45-00-005,https://www.artis-uk.com/wp-content/uploads/45-00-005.jpg
16-24-102,Kristalino Ice Bucket 156cl [55oz],Libbey,Barware,£9.50,https://www.artis-uk.com/product/16-24-102,https://www.artis-uk.com/wp-content/uploads/16-24-102.jpg
