Part,Description,Brand,Category,List Price,Web URL,Image,Intro,range,material,box qty,cases per pallet,Pack Spec,Page No,EAN 13,Quantity Per Carton,Carton Length (mm),Carton Width (mm),Carton Height (mm),Carton Volume m3,Cardboard Weight (Kilos),Polythene Weight (Kilos),Components Weight Each (Grams),Components Weight Total (Kilos),Weight of one carton (Kilos),Component size Bottom (mm),Component size Height (mm),Quantity of cartons per Layer,Qty Layers,Pallet Qty,Full Pallet Length (mm),Full Pallet Width (mm),Full Pallet Height (mm),Full Pallet Weight KG,Component size Top (mm),Country of Origin,Commodity Code / Tariff Code,Eori number,Pallet type,Lead Time,Nucleated,units per pallet,UKCA measure
110-2MN CE,10oz 285ml hiball MIXED NEON,BBP Marketing Ltd,Econ,£17.00,,,,Econ,PS,48,100,Case of 48,63,5060104512934,48,408mm,273mm,191mm,0.021274344,0.24,0.12,33.5g,1.608,1.968,55,121mm,10,10,100,1200,1000,2060,211.8,63mm,United Kingdom,3924100090,GB880303540000,Wood,5 Working Days,,,Half Pint Brim
110-2NB CE48,10oz 285ml hiball NEON BLUE,BBP Marketing Ltd,Econ,£15.41,,,,Econ,PS,48,100,Case of 48,63,5060104512293,48,408mm,273mm,191mm,0.021274344,0.24,0.12,33.5g,1.608,1.968,55,121mm,10,10,100,1200,1000,2060,211.8,63mm,United Kingdom,3924100090,GB880303540000,Wood,5 Working Days,,,Half Pint Brim
110-2NG CE48,10oz 285ml hiball NEON GREEN,BBP Marketing Ltd,Econ,£15.41,,,,Econ,PS,48,100,Case of 48,63,5060104512309,48,408mm,273mm,191mm,0.021274344,0.24,0.12,33.5g,1.608,1.968,55,121mm,10,10,100,1200,1000,2060,211.8,63mm,United Kingdom,3924100090,GB880303540000,Wood,5 Working Days,,,Half Pint Brim
110-2NO CE48,10oz 285ml hiball NEON ORANGE,BBP Marketing Ltd,Econ,£15.41,,,,Econ,PS,48,100,Case of 48,63,5060104512316,48,408mm,273mm,191mm,0.021274344,0.24,0.12,33.5g,1.608,1.968,55,121mm,10,10,100,1200,1000,2060,211.8,63mm,United Kingdom,3924100090,GB880303540000,Wood,5 Working Days,,,Half Pint Brim
110-2NP CE48,10oz 285ml hiball NEON PURPLE,BBP Marketing Ltd,Econ,£15.41,,,,Econ,PS,48,100,Case of 48,63,5060104512323,48,408mm,273mm,191mm,0.021274344,0.24,0.12,33.5g,1.608,1.968,55,121mm,10,10,100,1200,1000,2060,211.8,63mm,United Kingdom,3924100090,GB880303540000,Wood,5 Working Days,,,Half Pint Brim
110-2NR CE48,10oz 285ml hiball NEON RED,BBP Marketing Ltd,Econ,£15.41,,,,Econ,PS,48,100,Case of 48,63,5060104512330,48,408mm,273mm,191mm,0.021274344,0.24,0.12,33.5g,1.608,1.968,55,121mm,10,10,100,1200,1000,2060,211.8,63mm,United Kingdom,3924100090,GB880303540000,Wood,5 Working Days,,,Half Pint Brim
110-2NY CE48,10oz 285ml hiball NEON YELLOW,BBP Marketing Ltd,Econ,£15.41,,,,Econ,PS,48,100,Case of 48,63,5060104512347,48,408mm,273mm,191mm,0.021274344,0.24,0.12,33.5g,1.608,1.968,55,121mm,10,10,100,1200,1000,2060,211.8,63mm,United Kingdom,3924100090,GB880303540000,Wood,5 Working Days,,,Half Pint Brim
101-2CL CE,10oz/285ml Half Pint Tulip CLEAR,BBP Marketing Ltd,Econ,£16.00,,,,Econ,PS,48,100,Case of 48,58,5060104510664,48,408mm,273mm,191mm,0.021274344,0.24,0.12,38.9g,1.8671999999999997,2.2272,48,128mm,10,10,100,1200,1000,2060,237.71999999999997,66mm,United Kingdom,3924100090,GB880303540000,Wood,5 Working Days,,,Half Pint Brim
150-2CL CE,10oz/285ml Half Pint Tumbler CLEAR,BBP Marketing Ltd,Econ,£14.30,,,,Econ,PS,100,84,Case of 100,56,5060104512101,100,360mm,150mm,416mm,0.022464,0.284,0.049,23.2g,2.32,2.6529999999999996,57,101mm,21,4,84,1200,1000,1814,237.85199999999998,71mm,United Kingdom,3924100090,GB880303540000,Wood,5 Working Days,,,Half Pint Brim
121-2CL CE,12oz 340ml hiball CLEAR,BBP Marketing Ltd,Econ,£16.00,,,,Econ,PS,48,80,Case of 48,55,5060104511159,48,401mm,271mm,237mm,0.025755027,0.325,0.12,49.6g,2.3808000000000002,2.8258,56,145mm,10,8,80,1200,1000,2046,241.06400000000002,63mm,United Kingdom,3924100090,GB880303540000,Wood,5 Working Days,,,Half Pint Brim
127-1CL NS,12oz Margarita,BBP Marketing Ltd,Elite,£17.21,,,,Elite,PC,12,100,Case of 12,14,5060104515218,12,408mm,273mm,191mm,0.021274344,0.24,0.03,90.4g,1.0848000000000002,1.3548000000000002,84,169mm,10,10,100,1200,1000,2060,150.48000000000002,119mm,United Kingdom,3924100090,GB880303540000,Wood,5 Working Days,NO,1200,
120-1NU CE,12oz/34cl/340ml UKCA Nucleated Festival FULL PALLET 25 CASES,BBP Marketing Ltd,Elite,£71.40,,,,Elite,PC,420,25,Case of 420,NEW,5060104515904,420,540mm,380mm,345mm,0.070794,0.891,0.0258,39g,16.38,17.296799999999998,53,126mm,5,5,25,1200,1000,1875,447.41999999999996,70mm,United Kingdom,3924100090,GB880303540000,Wood,5 Working Days,YES,10500,Half Pint to Line
004-2CL DG,15ml/15ml siptail twister shot CLEAR,BBP Marketing Ltd,Econ,£25.25,,,,Econ,PS,100,120,Case of 100,55,5060104515348,100,556mm,369mm,80mm,0.01641312,0.36,0.0258,15g,1.5,1.8858,31,68mm,5,24,120,1200,1000,2070,241.296,43mm,United Kingdom,3924100090,GB880303540000,Wood,5 Working Days,,,
2PT JUG LID,2 PINT JUG LIDS PACK 4,BBP Marketing Ltd,Elite,£3.32,,,,Elite,PC,4,575,Case of 4,46,,,,,,,,,,,,,,,,,,,,,,,,,,,NO,2300,
201-2CL CE,20oz/ 568ml Pint Tulip CLEAR,BBP Marketing Ltd,Econ,£23.50,,,,Econ,PS,48,65,Case of 48,58,5060104511449,48,344mm,257mm,356mm,0.031473248,0.32,0.12,80.6g,3.8688,4.3088,60,160mm,13,5,65,1200,1000,1930,295.072,83mm,United Kingdom,3924100090,GB880303540000,Wood,5 Working Days,,,UKCA@Pint Brim
250-2CL CE,20oz/ 568ml Pint Tumbler CLEAR,BBP Marketing Ltd,Econ,£25.85,,,,Econ,PS,100,52,Case of 100,56,5060104512118,100,453mm,183mm,501mm,0.041532399,0.41,0.049,53.4g,5.34,5.7989999999999995,69,132mm,13,4,52,1200,1000,2154,316.548,88mm,United Kingdom,3924100090,GB880303540000,Wood,5 Working Days,,,Pint Brim
250-2NM CE,20oz/ 568ml Pint Tumbler MIXED NEON,BBP Marketing Ltd,Econ,£17.46,,,,Econ,PS,48,52,Case of 48,65,,,,,,,,,,,,,,,,,,,,,,,,,,,,,Pint Brim
250-2NB CE,20oz/ 568ml Pint Tumbler NEON BLUE,BBP Marketing Ltd,Econ,£32.48,,,,Econ,PS,100,52,Case of 100,65,5060104513184,100,453mm,183mm,501mm,0.041532399,0.41,0.049,53.4g,5.34,5.7989999999999995,69,132mm,13,4,52,1200,1000,2154,316.548,88mm,United Kingdom,3924100090,GB880303540000,Wood,5 Working Days,,,Pint Brim
250-2NG CE,20oz/ 568ml Pint Tumbler NEON GREEN,BBP Marketing Ltd,Econ,£32.48,,,,Econ,PS,100,52,Case of 100,65,5060104513191,100,453mm,183mm,501mm,0.041532399,0.41,0.049,53.4g,5.34,5.7989999999999995,69,132mm,13,4,52,1200,1000,2154,316.548,88mm,United Kingdom,3924100090,GB880303540000,Wood,5 Working Days,,,Pint Brim
250-2NO CE,20oz/ 568ml Pint Tumbler NEON ORANGE,BBP Marketing Ltd,Econ,£32.48,,,,Econ,PS,100,52,Case of 100,65,5060104513207,100,453mm,183mm,501mm,0.041532399,0.41,0.049,53.4g,5.34,5.7989999999999995,69,132mm,13,4,52,1200,1000,2154,316.548,88mm,United Kingdom,3924100090,GB880303540000,Wood,5 Working Days,,,Pint Brim
250-2NP CE,20oz/ 568ml Pint Tumbler NEON PURPLE,BBP Marketing Ltd,Econ,£32.48,,,,Econ,PS,100,52,Case of 100,65,5060104513214,100,453mm,183mm,501mm,0.041532399,0.41,0.049,53.4g,5.34,5.7989999999999995,69,132mm,13,4,52,1200,1000,2154,316.548,88mm,United Kingdom,3924100090,GB880303540000,Wood,5 Working Days,,,Pint Brim
250-2NR CE,20oz/ 568ml Pint Tumbler NEON RED,BBP Marketing Ltd,Econ,£32.48,,,,Econ,PS,100,52,Case of 100,65,5060104513221,100,453mm,183mm,501mm,0.041532399,0.41,0.049,53.4g,5.34,5.7989999999999995,69,132mm,13,4,52,1200,1000,2154,316.548,88mm,United Kingdom,3924100090,GB880303540000,Wood,5 Working Days,,,Pint Brim
250-2NY CE,20oz/ 568ml Pint Tumbler NEON YELLOW,BBP Marketing Ltd,Econ,£32.48,,,,Econ,PS,100,52,Case of 100,65,5060104513238,100,453mm,183mm,501mm,0.041532399,0.41,0.049,53.4g,5.34,5.7989999999999995,69,132mm,13,4,52,1200,1000,2154,316.548,88mm,United Kingdom,3924100090,GB880303540000,Wood,5 Working Days,,,Pint Brim
200-1NU CE,20oz/56cl/568ml CE Nucleated Festival Pint FULL PALLET 25 CASES,BBP Marketing Ltd,Elite,£62.64,,,,Elite,PC,216,25,Case of 216,NEW,5060104515881,216,540mm,380mm,345mm,0.070794,0.77,0.0258,67g,14.472,15.2678,62.1,150mm,5,5,25,1200,1000,1875,396.695,83.6mm,United Kingdom,3924100090,GB880303540000,Wood,5 Working Days,YES,5400,Pint to brim
222-1NU CA,22oz/62cl/625ml UKCA Nucleated Festival Cup FULL PALLET 25 CASES,BBP Marketing Ltd,Elite,£59.52,,,,Elite,PC,192,25,Case of 192,NEW,,,,,,,,,,,,,,,,,,,,,,,,,,,YES,4800,Pint to Line
001-2BL CE,25ml shot BLACK,BBP Marketing Ltd,Econ,£11.64,,,,Econ,PS,100,240,Case of 100,,5060104514181,100,207mm,207mm,211mm,0.009041139,0.192,0,11.5g,1.15,1.3419999999999999,28,49mm,30,8,240,1200,1000,1838,337.08,40mm,United Kingdom,3924100090,GB880303540000,Wood,5 Working Days,,,25ml Brim
001-2CL CE,25ml shot CLEAR,BBP Marketing Ltd,Econ,£10.11,,,,Econ,PS,100,240,Case of 100,55,5060104512125,100,207mm,207mm,211mm,0.009041139,0.192,0,11.5g,1.15,1.3419999999999999,28,49mm,30,8,240,1200,1000,1838,337.08,40mm,United Kingdom,3924100090,GB880303540000,Wood,5 Working Days,,,25ml Brim
001-2MN CE,25ml shot MIXED NEON,BBP Marketing Ltd,Econ,£4.44,,,,Econ,PS,24,575,Case of 24,61,5060104512392,24,240mm,155mm,67mm,0.0024924,0.0649,0,11.3g,0.27120000000000005,0.33610000000000007,28,49mm,28,25,700,1200,1000,1825,250.27000000000004,40mm,United Kingdom,3924100090,GB880303540000,Wood,5 Working Days,,,25ml Brim
001-2NB CE,25ml shot NEON BLUE,BBP Marketing Ltd,Econ,£11.64,,,,Econ,PS,100,240,Case of 100,61,5060104512132,100,207mm,207mm,211mm,0.009041139,0.192,0,11.5g,1.15,1.3419999999999999,28,49mm,30,8,240,1200,1000,1838,337.08,40mm,United Kingdom,3924100090,GB880303540000,Wood,5 Working Days,,,25ml Brim
001-2NG CE,25ml shot NEON GREEN,BBP Marketing Ltd,Econ,£11.64,,,,Econ,PS,100,240,Case of 100,61,5060104512149,100,207mm,207mm,211mm,0.009041139,0.192,0,11.5g,1.15,1.3419999999999999,28,49mm,30,8,240,1200,1000,1838,337.08,40mm,United Kingdom,3924100090,GB880303540000,Wood,5 Working Days,,,25ml Brim
001-2NO CE,25ml shot NEON ORANGE,BBP Marketing Ltd,Econ,£11.64,,,,Econ,PS,100,240,Case of 100,61,5060104512156,100,207mm,207mm,211mm,0.009041139,0.192,0,11.5g,1.15,1.3419999999999999,28,49mm,30,8,240,1200,1000,1838,337.08,40mm,United Kingdom,3924100090,GB880303540000,Wood,5 Working Days,,,25ml Brim
001-2NP CE,25ml shot NEON PURPLE,BBP Marketing Ltd,Econ,£11.64,,,,Econ,PS,100,240,Case of 100,61,5060104512163,100,207mm,207mm,211mm,0.009041139,0.192,0,11.5g,1.15,1.3419999999999999,28,49mm,30,8,240,1200,1000,1838,337.08,40mm,United Kingdom,3924100090,GB880303540000,Wood,5 Working Days,,,25ml Brim
001-2NR CE,25ml shot NEON RED,BBP Marketing Ltd,Econ,£11.64,,,,Econ,PS,100,240,Case of 100,61,5060104512170,100,207mm,207mm,211mm,0.009041139,0.192,0,11.5g,1.15,1.3419999999999999,28,49mm,30,8,240,1200,1000,1838,337.08,40mm,United Kingdom,3924100090,GB880303540000,Wood,5 Working Days,,,25ml Brim
001-2NY CE,25ml shot NEON YELLOW,BBP Marketing Ltd,Econ,£11.64,,,,Econ,PS,100,240,Case of 100,61,5060104512187,100,207mm,207mm,211mm,0.009041139,0.192,0,11.5g,1.15,1.3419999999999999,28,49mm,30,8,240,1200,1000,1838,337.08,40mm,United Kingdom,3924100090,GB880303540000,Wood,5 Working Days,,,25ml Brim
002-2MN CE,35ml shot MIXED NEON,BBP Marketing Ltd,Econ,£4.62,,,,Econ,PS,24,575,Case of 24,,5060104512088,24,240mm,155mm,67mm,0.0024924,0.0649,0,16.9g,0.40559999999999996,0.4705,32,59mm,28,25,700,1200,1000,1825,344.34999999999997,42mm,United Kingdom,3924100090,GB880303540000,Wood,5 Working Days,,,35ml Brim
002-2CL CE,35ml shotCLEAR,BBP Marketing Ltd,Econ,£16.50,,,,Econ,PS,100,120,Case of 100,55,5060104511913,100,556mm,369mm,80mm,0.01641312,0.36,0.0258,17g,1.7,2.0858,32,59mm,5,24,120,1200,1000,2070,265.296,42mm,United Kingdom,3924100090,GB880303540000,Wood,5 Working Days,,,35ml Brim
4PT JUG LID,4 PINT JUGS LIDS PACK 4,BBP Marketing Ltd,Elite,£4.65,,,,Elite,PC,4,575,Case of 4,47,5060104514570,4,263mm,178mm,88mm,0.004119632,0.074,0.01,112.6g,0.45039999999999997,0.5344,196,28mm,28,20,560,1200,1000,1910,314.264,196mm,United Kingdom,3924100090,GB880303540000,Wood,5 Working Days,NO,2300,
005-2CL NS,65ml shot CLEAR,BBP Marketing Ltd,Econ,£12.63,,,,Econ,PS,84,100,Case of 84,55,5060104511685,84,556mm,369mm,80mm,0.01641312,0.36,0.0258,15g,1.26,1.6458,36,75mm,5,20,100,1200,1000,1750,179.57999999999998,47mm,United Kingdom,3924100090,GB880303540000,Wood,5 Working Days,,,
071-2CL NS,7oz/200ml Conical/ Mojito CLEAR,BBP Marketing Ltd,Econ,£15.30,,,,Econ,PS,48,144,Case of 48,56,5060104512668,48,275mm,207mm,226mm,0.01286505,0.208,0.12,43.8g,2.1024,2.4303999999999997,47,102mm,18,8,144,1200,1000,1958,364.97759999999994,68mm,United Kingdom,3924100090,GB880303540000,Wood,5 Working Days,,,
109-1CE BOTH,AS ABOVE CE line@both 125 &175ml,BBP Marketing Ltd,Elite,£13.38,,,,Elite,PC,12,150,Case of 12,15,5060104512675,12,323mm,238mm,185mm,0.01422169,0.222,0.03,86.3g,1.0355999999999999,1.2875999999999999,72,173.5mm,15,10,150,1200,1000,2000,208.14,75mm,United Kingdom,3924100090,GB880303540000,Wood,5 Working Days,NO,1800,"125,175ml to line"
141-1CE BOTH,As above CE line @ 125 & 175ml,BBP Marketing Ltd,Elite,£15.67,,,,Elite,PC,12,144,Case of 12,,5060104514983,12,275mm,207mm,226mm,0.01286505,0.208,0.0276,76g,0.912,1.1476,67,219mm,18,8,144,1200,1000,1958,180.2544,55mm,United Kingdom,3924100090,GB880303540000,Wood,5 Working Days,NO,1728,125 & 175ml to line
141-1CL CE,As above CE line @ 175ml,BBP Marketing Ltd,Elite,£15.67,,,,Elite,PC,12,144,Case of 12,14,5060104511845,12,275mm,207mm,226mm,0.01286505,0.208,0.0276,76g,0.912,1.1476,67,219mm,18,8,144,1200,1000,1958,180.2544,55mm,United Kingdom,3924100090,GB880303540000,Wood,5 Working Days,NO,1728,175ml to line
143-1CL CE,As above CE line @ 250ml,BBP Marketing Ltd,Elite,£17.17,,,,Elite,PC,12,110,Case of 12,15,5060104512910,12,338mm,253mm,202mm,0.017273828,0.247,0.03,116.4g,1.3968000000000003,1.6738000000000004,78,188mm,11,10,110,1200,1000,2170,199.11800000000005,81mm,United Kingdom,3924100090,GB880303540000,Wood,5 Working Days,NO,1320,250ml to line
140-1CL CE,As above CE line @ 250ml,BBP Marketing Ltd,Elite,£26.40,,,,Elite,PC,12,99,Case of 12,15,5060104511821,12,359mm,270mm,215mm,0.02083995,0.24,0.03,144.6g,1.7351999999999999,2.0052,86,210mm,11,9,99,1200,1000,2085,213.51479999999998,85mm,United Kingdom,3924100090,GB880303540000,Wood,5 Working Days,NO,1188,250ml to line
144-1CE ALL,"As above CE line @ all 125,175,250ml",BBP Marketing Ltd,Elite,£13.22,,,,Elite,PC,12,110,Case of 12,15,,,,,,,,,,,,,,,,,,,,,,,,,,,NO,1320,"125,175,250ml to line"
143-1CE ALL,"As above CE line @ all, 125,175,250ml",BBP Marketing Ltd,Elite,£17.17,,,,Elite,PC,12,110,Case of 12,15,5060104512927,12,338mm,253mm,202mm,0.017273828,0.247,0.03,116.4g,1.3968000000000003,1.6738000000000004,78,188mm,11,10,110,1200,1000,2170,199.11800000000005,81mm,United Kingdom,3924100090,GB880303540000,Wood,5 Working Days,NO,1320,"125,175,250ml to line"
143-1CE BOTH,As above CE line @ both 175 & 250ml,BBP Marketing Ltd,Elite,£17.17,,,,Elite,PC,12,110,Case of 12,15,5060104513092,12,338mm,253mm,202mm,0.017273828,0.247,0.03,116.4g,1.3968000000000003,1.6738000000000004,78,188mm,11,10,110,1200,1000,2170,199.11800000000005,81mm,United Kingdom,3924100090,GB880303540000,Wood,5 Working Days,NO,1320,"175,250ml to line"
109-125 CE,As above CE line@ 125ml,BBP Marketing Ltd,Elite,£13.38,,,,Elite,PC,12,150,Case of 12,15,5060104512637,12,323mm,238mm,185mm,0.01422169,0.222,0.03,86.3g,1.0355999999999999,1.2875999999999999,72,173.5mm,15,10,150,1200,1000,2000,208.14,75mm,United Kingdom,3924100090,GB880303540000,Wood,5 Working Days,NO,1800,125ml to line
141-125 CE,As above CE line@ 125ml,BBP Marketing Ltd,Elite,£15.67,,,,Elite,PC,12,144,Case of 12,14,5060104513078,12,275mm,207mm,226mm,0.01286505,0.208,0.0276,76g,0.912,1.1476,67,219mm,18,8,144,1200,1000,1958,180.2544,55mm,United Kingdom,3924100090,GB880303540000,Wood,5 Working Days,NO,1728,125ml to line
109-1CL CE,As above CE line@ 175ml,BBP Marketing Ltd,Elite,£13.38,,,,Elite,PC,12,150,Case of 12,15,5060104511708,12,323mm,238mm,185mm,0.01422169,0.222,0.03,86.3g,1.0355999999999999,1.2875999999999999,72,173.5mm,15,10,150,1200,1000,2000,208.14,75mm,United Kingdom,3924100090,GB880303540000,Wood,5 Working Days,NO,1800,175ml to line
101-1NU CE,As above Nucleated,BBP Marketing Ltd,Elite,£20.51,,,,Elite,PC,48,100,Case of 48,12,5060104511920,48,408mm,273mm,191mm,0.021274344,0.24,0.12,44.8g,2.1503999999999994,2.5103999999999993,48,128mm,10,10,100,1200,1000,2060,266.03999999999996,66mm,United Kingdom,3924100090,GB880303540000,Wood,5 Working Days,YES,4800,Half pint to brim
201-1NU CE,As above Nucleated,BBP Marketing Ltd,Elite,£30.12,,,,Elite,PC,48,65,Case of 48,12,5060104511937,48,344mm,257mm,356mm,0.031473248,0.32,0.12,93g,4.464,4.904000000000001,60,160mm,13,5,65,1200,1000,1930,333.76000000000005,83mm,United Kingdom,3924100090,GB880303540000,Wood,5 Working Days,YES,3120,Pint to brim
450-1NU CE,As above Nucleated,BBP Marketing Ltd,Elite,£21.03,,,,Elite,PC,18,65,Case of 18,13,5060104514228,18,344mm,257mm,356mm,0.031473248,0.32,0.0666,139g,2.502,2.8886,82,190mm,13,5,65,1200,1000,1930,202.759,106mm,United Kingdom,3924100090,GB880303540000,Wood,5 Working Days,YES,1170,2 Pint to brim
112-1NU CE,As above Nucleated,BBP Marketing Ltd,Elite,£36.74,,,,Elite,PC,36,80,Case of 36,16,5060104511968,36,475mm,243mm,259mm,0.029895075,0.39,0.09,124g,4.464,4.944000000000001,53,120mm,10,8,80,1200,1000,2222,410.5200000000001,78mm,United Kingdom,3924100090,GB880303540000,Wood,5 Working Days,YES,2880,Half pint to brim
202-1NU CE,As above Nucleated,BBP Marketing Ltd,Elite,£44.54,,,,Elite,PC,24,50,Case of 24,17,5060104511975,24,371mm,284mm,361mm,0.038036404,0.412,0.06,215g,5.16,5.632,60,170mm,10,5,50,1200,1000,1955,296.59999999999997,92mm,United Kingdom,3924100090,GB880303540000,Wood,5 Working Days,YES,1200,Pint to brim
260-1NU CE,As above Nucleated,BBP Marketing Ltd,Elite,£41.88,,,,Elite,PC,48,84,Case of 48,20,5060104512804,48,325mm,165mm,526mm,0.02820675,0.303,0.039,103g,4.944,5.286,64,171mm,21,4,84,1200,1000,2254,459.02399999999994,77mm,United Kingdom,3924100090,GB880303540000,Wood,5 Working Days,YES,4032,Pint to brim
201-1NU BOTH,As above Nucleated & lined @ Half Pint,BBP Marketing Ltd,Elite,£33.39,,,,Elite,PC,48,65,Case of 48,12,5060104514587,48,344mm,257mm,356mm,0.031473248,0.32,0.12,93g,4.464,4.904000000000001,60,160mm,13,5,65,1200,1000,1930,333.76000000000005,83mm,United Kingdom,3924100090,GB880303540000,Wood,5 Working Days,YES,3120,Pint to brim
154-1NU CE,As above with CE LINE @ two thirds,BBP Marketing Ltd,Elite,£31.10,,,,Elite,PC,24,91,Case of 24,22,5060104513030,24,334mm,251mm,299mm,0.025066366,0.329,0.06,150.8g,3.6192,4.0082,58,144mm,13,6,78,1200,1000,1944,327.63960000000003,83mm,United Kingdom,3924100090,GB880303540000,Wood,5 Working Days,YES,2184,Line at two thirds
122-1CL CE,As above with CE line @ Half Pint,BBP Marketing Ltd,Elite,£34.29,,,,Elite,PC,36,60,Case of 36,16,5060104511173,36,482mm,245mm,309mm,0.03648981,0.443,0.09,119.8g,4.3128,4.8458000000000006,51,144mm,10,6,60,1200,1000,2004,305.74800000000005,79mm,United Kingdom,3924100090,GB880303540000,Wood,5 Working Days,NO,2160,Half pint to line
126-1CL CE,As above with CE line @ Half Pint,BBP Marketing Ltd,Elite,£39.88,,,,Elite,PC,36,60,Case of 36,19,5060104512439,36,482mm,245mm,309mm,0.03648981,0.443,0.09,136g,4.896,5.429,57,142mm,10,6,60,1200,1000,2004,340.74,77mm,United Kingdom,3924100090,GB880303540000,Wood,5 Working Days,NO,2160,Half pint to line
097-1BL NS,BLACK 9oz Martini,BBP Marketing Ltd,Elite,£18.60,,,,Elite,PC,12,100,Case of 12,35,5060104515362,12,511mm,260mm,197mm,0.02617342,0.335,0.03,85g,1.02,1.385,85,173mm,10,10,100,1200,1000,2120,153.5,120mm,United Kingdom,3924100090,GB880303540000,Wood,5 Working Days,NO,1200,
143-1BL NS,BLACK Premium 11oz/312ml Wine,BBP Marketing Ltd,Elite,£19.88,,,,Elite,PC,12,110,Case of 12,37,5060104513689,12,338mm,253mm,202mm,0.017273828,0.247,0.03,116.4g,1.3968000000000003,1.6738000000000004,78,188mm,11,10,110,1200,1000,2170,199.11800000000005,81mm,United Kingdom,3924100090,GB880303540000,Wood,5 Working Days,NO,1320,
141-1BL NS,BLACK Premium 6.6oz/187ml Flute,BBP Marketing Ltd,Elite,£17.97,,,,Elite,PC,12,144,Case of 12,36,5060104513610,12,275mm,207mm,226mm,0.01286505,0.208,0.0276,76g,0.912,1.1476,67,219mm,18,8,144,1200,1000,1958,180.2544,55mm,United Kingdom,3924100090,GB880303540000,Wood,5 Working Days,NO,1728,
139-1BL NS,BLACK Premium 7oz/200ml Martini,BBP Marketing Ltd,Elite,£21.66,,,,Elite,PC,12,110,Case of 12,35,5060104514815,12,372mm,281mm,185mm,0.01933842,0.275,0.03,87.2g,1.0464,1.3514,70,172mm,11,10,110,1200,1000,2000,163.654,104mm,United Kingdom,3924100090,GB880303540000,Wood,5 Working Days,NO,1320,
081-1BL NS,BLACK Premium 8oz/227ml Coffee,BBP Marketing Ltd,Elite,£20.10,,,,Elite,PC,18,100,Case of 18,44,5060104513658,18,429mm,216mm,162mm,0.015011568,0.229,0.045,72.3g,1.3014,1.5754,66,134mm,10,10,100,1200,1000,1770,172.54,62mm,United Kingdom,3924100090,GB880303540000,Wood,5 Working Days,NO,1800,
122-1BL NS,BLACK Remedy 12oz/340ml Tall,BBP Marketing Ltd,Elite,£39.13,,,,Elite,PC,36,60,Case of 36,33,5060104513399,36,482mm,245mm,309mm,0.03648981,0.443,0.09,119.8g,4.3128,4.8458000000000006,51,144mm,10,6,60,1200,1000,2004,305.74800000000005,79mm,United Kingdom,3924100090,GB880303540000,Wood,5 Working Days,NO,2160,
006-1BL CE,BLACK Remedy 25ml Shot,BBP Marketing Ltd,Elite,£12.42,,,,Elite,PC,24,700,Case of 24,32,5060104514310,24,240mm,155mm,67mm,0.0024924,0.0649,0.0192,11.3g,0.27120000000000005,0.35530000000000006,28,49mm,28,15,420,1200,1000,1155,164.22600000000003,40mm,United Kingdom,3924100090,GB880303540000,Wood,5 Working Days,NO,16800,25ml to brim
090-1BL NS,BLACK Remedy 9oz/255ml Rocks,BBP Marketing Ltd,Elite,£29.93,,,,Elite,PC,36,100,Case of 36,32,5060104513375,36,511mm,260mm,197mm,0.02617342,0.335,0.09,68.5g,2.466,2.891,55,112mm,10,10,100,1200,1000,2120,304.1,62mm,United Kingdom,3924100090,GB880303540000,Wood,5 Working Days,NO,3600,
202-1BL CE,BLACK Remedy Pint 20oz/568ml,BBP Marketing Ltd,Elite,£45.08,,,,Elite,PC,24,50,Case of 24,33,5060104514358,24,371mm,284mm,361mm,0.038036404,0.412,0.06,215g,5.16,5.632,60,170mm,10,5,50,1200,1000,1955,296.59999999999997,92mm,United Kingdom,3924100090,GB880303540000,Wood,5 Working Days,NO,1200,Pint to brim
144-1BL NS,BLACK Tristem 11oz/312ml Wine,BBP Marketing Ltd,Elite,£14.95,,,,Elite,PC,12,110,Case of 12,37,5061014514402,12,338mm,253mm,202mm,0.017273828,0.247,0.03,99g,1.188,1.4649999999999999,71,189mm,11,10,110,1200,1000,2170,176.14999999999998,81mm,United Kingdom,3924100090,GB880303540000,Wood,5 Working Days,NO,1320,
7 PCB135WNL,BOWLS CEREAL/SOUP WHITE NO LIDS,BBP Marketing Ltd,Elite,£22.05,,,,Elite,PC,12,200,Case of 12,43,5060104515294,12,218mm,218mm,140mm,0.00665336,0.153,0.006,101g,1.212,1.371,85,56mm,20,10,200,1200,1000,1550,289.2,136mm,United Kingdom,3924100090,GB880303540000,Wood,5 Working Days,NO,2400,
7 PCB135WLD,BOWLS CEREAL/SOUP WHITE WITH LIDS,BBP Marketing Ltd,Elite,£30.92,,,,Elite,PC,12,200,Case of 12,43,5060104515287,12,240mm,240mm,154mm,0.0088704,0.182,0.01,160g,1.92,2.112,85,62mm,20,10,200,1200,1000,1690,437.40000000000003,136mm,United Kingdom,3924100090,GB880303540000,Wood,5 Working Days,NO,2400,
415-1CL CE,Bavarian 2 PINT Stein 42oz/1200ml,BBP Marketing Ltd,Elite,£15.75,,,,Elite,PC,4,144,Case of 4,11,5060104515263,4,275mm,207mm,226mm,0.01286505,0.208,0.0148,386g,1.544,1.7668,103,214mm,18,8,144,1200,1000,1958,269.4192,96mm,United Kingdom,3924100090,GB880303540000,Wood,5 Working Days,NO,576,2 Pint to line
215-1NU CE,Bavarian 20oz/568ml Tankard,BBP Marketing Ltd,Elite,£25.95,,,,Elite,PC,12,110,Case of 12,11,5060104514808,12,372mm,281mm,185mm,0.01933842,0.275,0.03,232g,2.784,3.089,81,168mm,11,10,110,1200,1000,2000,354.79,75mm,United Kingdom,3924100090,GB880303540000,Wood,5 Working Days,YES,1320,Pint to brim
7 PCC22-4,CLR PLATE COVER 22CM,BBP Marketing Ltd,Elite,£18.20,,,,Elite,PC,12,200,Case of 12,40,5060104515010,12,218mm,218mm,140mm,0.00665336,0.153,0.0081,169g,2.028,2.1891,219,40mm,20,10,200,1200,1000,1550,452.81999999999994,,United Kingdom,3924100090,GB880303540000,Wood,5 Working Days,NO,2400,
141-1RB NS,COBALT Premium 6.6oz/187ml Flute,BBP Marketing Ltd,Elite,£17.97,,,,Elite,PC,12,144,Case of 12,36,5060104514266,12,275mm,207mm,226mm,0.01286505,0.208,0.0276,76g,0.912,1.1476,67,219mm,18,8,144,1200,1000,1958,180.2544,55mm,United Kingdom,3924100090,GB880303540000,Wood,5 Working Days,NO,1728,
131-1CL NS,Classic Hurricane,BBP Marketing Ltd,Elite,£29.36,,,,Elite,PC,12,99,Case of 12,14,5060104515188,12,338mm,253mm,206mm,0.017615884,0.268,0.03,181.5g,2.178,2.476,71,205mm,11,9,99,1200,1000,2004,260.124,80mm,United Kingdom,3924100090,GB880303540000,Wood,5 Working Days,NO,1188,
7 120-1CL,Clear 12oz Mug,BBP Marketing Ltd,Elite,£32.28,,,,Elite,PC,24,150,Case of 24,45,5060104514952,24,323mm,238mm,185mm,0.01422169,0.222,0.06,100g,2.4,2.682,78,89mm,15,10,150,1200,1000,2000,417.3,78mm,United Kingdom,3924100090,GB880303540000,Wood,5 Working Days,NO,3600,
7 160-1CL,Clear 16oz Mug,BBP Marketing Ltd,Elite,£39.78,,,,Elite,PC,24,99,Case of 24,45,5060104515102,24,359mm,270mm,215mm,0.02083995,0.24,0.06,140.3g,3.3672000000000004,3.6672000000000002,84,106mm,11,9,99,1200,1000,2085,378.05280000000005,85mm,United Kingdom,3924100090,GB880303540000,Wood,5 Working Days,NO,2376,
7 PCC18-6,Clear plate cover 18cm,BBP Marketing Ltd,Elite,£8.00,,,,Elite,PC,6,200,Case of 6,40,5060104515355,6,218mm,218mm,140mm,0.00665336,0.153,0.0081,144g,0.864,1.0251,177,59mm,20,10,200,1200,1000,1550,220.01999999999998,135mm,United Kingdom,3924100090,GB880303540000,Wood,5 Working Days,NO,1200,
9-CL SHAKE,Cocktail Shaker 3 Part,BBP Marketing Ltd,Elite,£39.59,,,,Elite,PC,12,99,Case of 12,11,,,,,,,,,,,,,,,,,,,,,,,,,,,NO,1188,
098-1CL NS,Coupe Cocktail Saucer 9oz,BBP Marketing Ltd,Elite,£13.20,,,,Elite,PC,12,120,Case of 12,14,5060104515478,12,404mm,306mm,167mm,0.020645208,0.27,0.03,67g,0.804,1.104,79,145mm,10,12,120,1200,1000,2154,147.48000000000002,98mm,United Kingdom,3924100090,GB880303540000,Wood,5 Working Days,NO,1440,
132-1CL NS,Crystal Hurricane,BBP Marketing Ltd,Elite,£29.36,,,,Elite,PC,12,99,Case of 12,14,5060104515195,12,338mm,253mm,206mm,0.017615884,0.268,0.03,160.8g,1.9296000000000002,2.2276000000000002,71,205mm,11,9,99,1200,1000,2004,235.53240000000002,80mm,United Kingdom,3924100090,GB880303540000,Wood,5 Working Days,NO,1188,
148-1CL NS,ELITE CLEAR 14oz TIKI TOTEM,BBP Marketing Ltd,Elite,£15.00,,,,Elite,PC,12,200,Case of 12,NEW,,,,,,,,,,,,,,,,,,,,,,,,,,,NO,2400,
207-1CL CE,ELITE CONICAL PINT CE,BBP Marketing Ltd,Elite,£26.38,,,,Elite,PC,24,99,Case of 24,11,5060104515027,24,359mm,270mm,215mm,0.02083995,0.24,0.06,130.9g,3.1416000000000004,3.4416,65.6,155mm,11,9,99,1200,1000,2085,355.71840000000003,87.1mm,United Kingdom,3924100090,GB880303540000,Wood,5 Working Days,NO,2376,Pint to brim
148-1MN NS,ELITE MIX COL 14oz TIKI TOTEM,BBP Marketing Ltd,Elite,£16.20,,,,Elite,PC,12,200,Case of 12,NEW,,,,,,,,,,,,,,,,,,,,,,,,,,,NO,2400,
118-1CE ALL,Elite 12oz Stacking Wine UKCA LINED 125/175/250ml,BBP Marketing Ltd,Elite,£22.75,,,,Elite,PC,70,52,Case of 70,NEW,,,,,,,,,,,,,,,,,,,,,,,,,,,NO,3640,"125,175,250ml to line"
121-1CL CE,Elite 12oz/340ml Hiball,BBP Marketing Ltd,Elite,£19.56,,,,Elite,PC,48,80,Case of 48,27,5060104511135,48,401mm,271mm,237mm,0.025755027,0.325,0.12,49.6g,2.3808000000000002,2.8258,56,145mm,10,8,80,1200,1000,2046,241.06400000000002,63mm,United Kingdom,3924100090,GB880303540000,Wood,5 Working Days,NO,3840,Half pint to line
450-1CE LD,Elite 2 Pint TULIP & LID,BBP Marketing Ltd,Elite,£26.30,,,,Elite,PC,18,65,Case of 18,13,5060104515225,18,344mm,257mm,356mm,0.031473248,0.32,0.0148,139g,2.502,2.8367999999999998,82,190mm,13,5,65,1200,1000,1930,199.392,106mm,United Kingdom,3924100090,GB880303540000,Wood,5 Working Days,NO,1170,2 Pint to brim
450-1CL CE,"Elite 2Pint, 40oz/1136ml Tulip",BBP Marketing Ltd,Elite,£18.42,,,,Elite,PC,18,65,Case of 18,13,5060104514211,18,344mm,257mm,356mm,0.031473248,0.32,0.0666,139g,2.502,2.8886,82,190mm,13,5,65,1200,1000,1930,202.759,106mm,United Kingdom,3924100090,GB880303540000,Wood,5 Working Days,NO,1170,2 Pint to brim
119-1CA BOTH,Elite 7oz Stacking Flute UKCA LINED AT 125/175ML,BBP Marketing Ltd,Elite,£39.00,,,,Elite,PC,120,52,Case of 120,NEW,,,,,,,,,,,,,,,,,,,,,,,,,,,NO,6240,"125ml, 175ml to line"
011-1CL NS,Elite Hanging shot 68ml,BBP Marketing Ltd,Elite,£6.90,,,,Elite,PC,30,672,Case of 30,NEW,5060104515751,30,170mm,170mm,100mm,0.00289,0.0693,0.015,19.4g,0.582,0.6663,40,56.5mm,42,16,672,1200,1000,1750,462.7536,53mm,United Kingdom,3924100090,GB880303540000,Wood,5 Working Days,NO,20160,NO
011-1CE ALL,Elite Hanging shot 68ml CE 25/35/50ml,BBP Marketing Ltd,Elite,£8.40,,,,Elite,PC,30,672,Case of 30,NEW,5060104515836,30,170mm,170mm,100mm,0.00289,0.0693,0.015,19.4g,0.582,0.6663,40,56.5mm,42,16,672,1200,1000,1750,462.7536,53mm,United Kingdom,3924100090,GB880303540000,Wood,5 Working Days,NO,20160,25/35/50ml
110-1CL CE48,Elite Hiball 10oz/284ml,BBP Marketing Ltd,Elite,£18.42,,,,Elite,PC,48,100,Case of 48,27,5060104512354,48,408mm,273mm,191mm,0.021274344,0.24,0.12,37.4g,1.7952,2.1552,55,121mm,10,10,100,1200,1000,2060,230.51999999999998,63mm,United Kingdom,3924100090,GB880303540000,Wood,5 Working Days,NO,4800,Half pint to brim
221-1NU CE,Elite Oversize Tulip 22oz/625ml,BBP Marketing Ltd,Elite,£21.76,,,,Elite,PC,24,70,Case of 24,13,5060104512361,24,485mm,325mm,189mm,0.029791125,0.33,0.06,97.5g,2.34,2.73,60,182mm,7,10,70,1200,1000,2040,206.1,82mm,United Kingdom,3924100090,GB880303540000,Wood,5 Working Days,YES,1680,Pint to line
750-1NB BL,Elite Patient water jug & blue lid,BBP Marketing Ltd,Elite,£10.56,,,,Elite,PC,6,240,Case of 6,46,,,,,,,,,,,,,,,,,,,,,,,,,,,NO,1440,
101-1CL CE,Elite Tulip Half Pint 10oz/284ml,BBP Marketing Ltd,Elite,£19.26,,,,Elite,PC,48,100,Case of 48,12,5060104510640,48,408mm,273mm,191mm,0.021274344,0.24,0.12,44.8g,2.1503999999999994,2.5103999999999993,48,128mm,10,10,100,1200,1000,2060,266.03999999999996,66mm,United Kingdom,3924100090,GB880303540000,Wood,5 Working Days,NO,4800,Half pint to brim
201-1CL CE,Elite Tulip Pint 20oz/568ml,BBP Marketing Ltd,Elite,£28.86,,,,Elite,PC,48,65,Case of 48,12,5060104511425,48,344mm,257mm,356mm,0.031473248,0.32,0.12,93g,4.464,4.904000000000001,60,160mm,13,5,65,1200,1000,1930,333.76000000000005,83mm,United Kingdom,3924100090,GB880303540000,Wood,5 Working Days,NO,3120,Pint to brim
110-1FR NS,FROSTED Elite Hiball 10oz/284ml,BBP Marketing Ltd,Elite,£21.40,,,,Elite,PC,48,100,Case of 48,29,5060104515447,48,408mm,273mm,191mm,0.021274344,0.24,0.12,37.4g,1.7952,2.1552,55,121mm,10,10,100,1200,1000,2060,230.51999999999998,63mm,United Kingdom,3924100090,GB880303540000,Wood,5 Working Days,NO,4800,
141-1FR NS,FROSTED Premium 6.6oz/187ml Flute,BBP Marketing Ltd,Elite,£22.00,,,,Elite,PC,12,144,Case of 12,29,5060104514532,12,275mm,207mm,226mm,0.01286505,0.208,0.0276,76g,0.912,1.1476,67,219mm,18,8,144,1200,1000,1958,180.2544,55mm,United Kingdom,3924100090,GB880303540000,Wood,5 Working Days,NO,1728,
109-1FR NS,FROSTED Premium 9oz/255ml Wine,BBP Marketing Ltd,Elite,£14.73,,,,Elite,PC,12,150,Case of 12,29,5060104514563,12,323mm,238mm,185mm,0.01422169,0.222,0.03,86.3g,1.0355999999999999,1.2875999999999999,72,173.5mm,15,10,150,1200,1000,2000,208.14,75mm,United Kingdom,3924100090,GB880303540000,Wood,5 Working Days,NO,1800,
112-1FR NS,FROSTED Remedy 10oz/284ml Hiball,BBP Marketing Ltd,Elite,£42.72,,,,Elite,PC,36,80,Case of 36,28,5060104515430,36,475mm,243mm,259mm,0.029895075,0.39,0.09,124g,4.464,4.944000000000001,53,120mm,10,8,80,1200,1000,2222,410.5200000000001,78mm,United Kingdom,3924100090,GB880303540000,Wood,5 Working Days,NO,2880,
122-FR NS,FROSTED Remedy 12oz/340ml Tall,BBP Marketing Ltd,Elite,£44.25,,,,Elite,PC,36,60,Case of 36,28,,,,,,,,,,,,,,,,,,,,,,,,,,,NO,2160,
122-1FR NS,FROSTED Remedy 12oz/340ml Tall,BBP Marketing Ltd,Elite,£44.25,,,,Elite,PC,36,60,Case of 36,28,5060104514488,36,482mm,245mm,309mm,0.03648981,0.443,0.09,136g,4.896,5.429,51,144mm,10,6,60,1200,1000,2004,340.74,79mm,United Kingdom,3924100090,GB880303540000,Wood,5 Working Days,NO,2160,
090-1FR NS,FROSTED Remedy 9oz/255ml Rocks,BBP Marketing Ltd,Elite,£35.25,,,,Elite,PC,36,100,Case of 36,28,5060104514556,36,511mm,260mm,197mm,0.02617342,0.335,0.09,68.5g,2.466,2.891,55,112mm,10,10,100,1200,1000,2120,304.1,62mm,United Kingdom,3924100090,GB880303540000,Wood,5 Working Days,NO,3600,
141-1GD NS,GOLD Premium 6.6oz/187ml Flute,BBP Marketing Ltd,Elite,£17.97,,,,Elite,PC,12,144,Case of 12,36,5060104514648,12,275mm,207mm,226mm,0.01286505,0.208,0.0276,76g,0.912,1.1476,67,219mm,18,8,144,1200,1000,1958,180.2544,55mm,United Kingdom,3924100090,GB880303540000,Wood,5 Working Days,NO,1728,
139-1GD NS,GOLD Premium 7oz Martini,BBP Marketing Ltd,Elite,£21.66,,,,Elite,PC,12,110,Case of 12,35,5060104514778,12,372mm,281mm,185mm,0.01933842,0.275,0.03,87.2g,1.0464,1.3514,70,172mm,11,10,110,1200,1000,2000,163.654,104mm,United Kingdom,3924100090,GB880303540000,Wood,5 Working Days,NO,1320,
109-1GD NS,GOLD Premium 9oz/255ml Wine,BBP Marketing Ltd,Elite,£14.55,,,,Elite,PC,12,150,Case of 12,37,5060104514754,12,323mm,238mm,185mm,0.01422169,0.222,0.03,86.3g,1.0355999999999999,1.2875999999999999,72,173.5mm,15,10,150,1200,1000,2000,208.14,75mm,United Kingdom,3924100090,GB880303540000,Wood,5 Working Days,NO,1800,
122-1GD NS,GOLD Remedy 12oz/340ml Tall,BBP Marketing Ltd,Elite,£39.14,,,,Elite,PC,36,60,Case of 36,34,5060104514730,36,482mm,245mm,309mm,0.03648981,0.443,0.09,136g,4.896,5.429,51,144mm,10,6,60,1200,1000,2004,340.74,79mm,United Kingdom,3924100090,GB880303540000,Wood,5 Working Days,NO,2160,
006-1GD CE,GOLD Remedy 25ml Shot,BBP Marketing Ltd,Elite,£12.42,,,,Elite,PC,24,700,Case of 24,34,5060104514839,24,240mm,155mm,67mm,0.0024924,0.0649,0.0192,11.3g,0.27120000000000005,0.35530000000000006,28,49mm,28,15,420,1200,1000,1155,164.22600000000003,40mm,United Kingdom,3924100090,GB880303540000,Wood,5 Working Days,NO,16800,25ml to brim
090-1GD NS,GOLD Remedy 9oz/255ml Rocks,BBP Marketing Ltd,Elite,£29.93,,,,Elite,PC,36,100,Case of 36,34,5060104514716,36,511mm,260mm,197mm,0.02617342,0.335,0.09,68.5g,2.466,2.891,55,112mm,10,10,100,1200,1000,2120,304.1,62mm,United Kingdom,3924100090,GB880303540000,Wood,5 Working Days,NO,3600,
117-1CL CE,Goblet 10oz/284ml,BBP Marketing Ltd,Elite,£20.32,,,,Elite,PC,18,100,Case of 18,24,5060104514495,18,429mm,216mm,162mm,0.015011568,0.229,0.045,112g,2.016,2.29,59,157mm,10,10,100,1200,1000,1770,244,64mm,United Kingdom,3924100090,GB880303540000,Wood,5 Working Days,NO,1800,Half pint to brim
117-1CL NS,Goblet 10oz/284ml,BBP Marketing Ltd,Elite,£18.43,,,,Elite,PC,18,100,Case of 18,24,5060104514457,18,429mm,216mm,162mm,0.015011568,0.229,0.045,112g,2.016,2.29,59,157mm,10,10,100,1200,1000,1770,244,64mm,United Kingdom,3924100090,GB880303540000,Wood,5 Working Days,NO,1800,
157-1CL NS,Goblet 15oz/426ml,BBP Marketing Ltd,Elite,£16.65,,,,Elite,PC,12,150,Case of 12,24,5060104514464,12,323mm,238mm,185mm,0.01422169,0.222,0.03,167g,2.004,2.2560000000000002,67,179mm,15,10,150,1200,1000,2000,353.40000000000003,73mm,United Kingdom,3924100090,GB880303540000,Wood,5 Working Days,NO,1800,
217-1CL CE,Goblet 20oz/568ml,BBP Marketing Ltd,Elite,£22.05,,,,Elite,PC,12,99,Case of 12,24,5060104514518,12,359mm,270mm,215mm,0.02083995,0.24,0.03,218g,2.616,2.886,74,193mm,11,9,99,1200,1000,2085,300.714,80mm,United Kingdom,3924100090,GB880303540000,Wood,5 Working Days,NO,1188,Pint to Brim
217-1CL NS,Goblet 20oz/568ml,BBP Marketing Ltd,Elite,£20.94,,,,Elite,PC,12,99,Case of 12,24,5090104514471,12,359mm,270mm,215mm,0.02083995,0.24,0.03,218g,2.616,2.886,74,193mm,11,9,99,1200,1000,2085,300.714,80mm,United Kingdom,3924100090,GB880303540000,Wood,5 Working Days,NO,1188,
160-1CL CE,In2stax 10oz/285ml Hiball,BBP Marketing Ltd,Elite,£25.55,,,,Elite,PC,48,124,Case of 48,20,5060104512651,48,256mm,131mm,421mm,0.014118656,0.205,0.0392,61.3g,2.9423999999999997,3.1865999999999994,52,136mm,31,4,124,1200,1000,1834,410.13839999999993,62mm,United Kingdom,3924100090,GB880303540000,Wood,5 Working Days,NO,5952,Half pint to brim
129-1CL NS,In2stax 12oz/340ml Hiball,BBP Marketing Ltd,Elite,£15.16,,,,Elite,PC,24,144,Case of 24,20,5060104514860,24,275mm,207mm,226mm,0.01286505,0.208,0.0198,70.2g,1.6848,1.9126,53,152mm,18,8,144,1200,1000,1958,290.4144,64mm,United Kingdom,3924100090,GB880303540000,Wood,5 Working Days,NO,3456,
149-1CL NS,In2stax 14oz/400ml Hiball,BBP Marketing Ltd,Elite,£18.27,,,,Elite,PC,24,144,Case of 24,20,5060104514853,24,275mm,207mm,226mm,0.01286505,0.208,0.0252,70.2g,1.6848,1.9180000000000001,55,160mm,18,8,144,1200,1000,1958,291.192,67mm,United Kingdom,3924100090,GB880303540000,Wood,5 Working Days,NO,3456,
460-1CE LD,In2stax 2 Pint Jug & LID,BBP Marketing Ltd,Elite,£10.63,,,,Elite,PC,4,200,Case of 4,47,5060104514914,4,243mm,243mm,168mm,0.009920232,0.182,0.0248,254.4g,1.0176,1.2244000000000002,87,212mm,20,10,200,1200,1000,1830,259.88,121mm,United Kingdom,3924100090,GB880303540000,Wood,5 Working Days,NO,800,2 Pint to line
460-1CE NL,In2stax 2 Pint Jug NO LID,BBP Marketing Ltd,Elite,£7.97,,,,Elite,PC,4,200,Case of 4,47,5060104514921,4,243mm,243mm,168mm,0.009920232,0.182,0.0148,196.6g,0.7864,0.9832,87,210mm,20,10,200,1200,1000,1830,211.64,121mm,United Kingdom,3924100090,GB880303540000,Wood,5 Working Days,NO,800,2 Pint to line
260-1CL CE,In2stax 20oz/568ml Hiball,BBP Marketing Ltd,Elite,£38.14,,,,Elite,PC,48,84,Case of 48,20,5060104512644,48,325mm,165mm,526mm,0.02820675,0.303,0.039,103g,4.944,5.286,64,171mm,21,4,84,1200,1000,2254,459.02399999999994,77mm,United Kingdom,3924100090,GB880303540000,Wood,5 Working Days,NO,4032,Pint to brim
860-1CL LD,In2stax 4 Pint Jug & LID,BBP Marketing Ltd,Elite,£14.84,,,,Elite,PC,4,100,Case of 4,47,5060104514273,4,429mm,216mm,162mm,0.015011568,0.229,0.0424,370g,1.48,1.7514,109,266mm,10,10,100,1200,1000,1770,190.14000000000001,188mm,United Kingdom,3924100090,GB880303540000,Wood,5 Working Days,NO,400,
860-1CE LD,"In2stax 4 Pint Jug CE LINE 2,3,4 Pt 7 LID",BBP Marketing Ltd,Elite,£15.05,,,,Elite,PC,4,100,Case of 4,47,5060104514297,4,429mm,216mm,162mm,0.015011568,0.229,0.0424,370g,1.48,1.7514,109,266mm,10,10,100,1200,1000,1770,190.14000000000001,188mm,United Kingdom,3924100090,GB880303540000,Wood,5 Working Days,NO,400,"line at 2,3,4 Pint"
860-1CE NL,"In2stax 4 Pint Jug CE LINE 2,3,4 Pt NO LID",BBP Marketing Ltd,Elite,£11.20,,,,Elite,PC,4,100,Case of 4,47,5060104514303,4,429mm,216mm,162mm,0.015011568,0.229,0.0324,370g,1.48,1.7414,109,266mm,10,10,100,1200,1000,1770,189.14000000000001,188mm,United Kingdom,3924100090,GB880303540000,Wood,5 Working Days,NO,400,"line at 2,3,4 Pint"
860-1CL NL,In2stax 4 Pint Jug NO LID,BBP Marketing Ltd,Elite,£11.01,,,,Elite,PC,4,100,Case of 4,47,5060104514280,4,429mm,216mm,162mm,0.015011568,0.229,0.0324,370g,1.48,1.7414,109,266mm,10,10,100,1200,1000,1770,189.14000000000001,188mm,United Kingdom,3924100090,GB880303540000,Wood,5 Working Days,NO,400,
099-1CL NS,In2stax 9oz/255ml Rocks,BBP Marketing Ltd,Elite,£20.04,,,,Elite,PC,48,240,Case of 48,20,5060104512880,48,207mm,207mm,211mm,0.009041139,0.155,0.015,43.1g,2.0688,2.2388,55,112mm,30,8,240,1200,1000,1838,552.312,62mm,United Kingdom,3924100090,GB880303540000,Wood,5 Working Days,NO,11520,
135-1BL NS,Kristal 12oz Black Double Rocks,BBP Marketing Ltd,Elite,£9.65,,,,Elite,PC,12,240,Case of 12,NEW,5060104515683,12,207mm,207mm,211mm,0.009041139,0.158,0.03,74.9g,0.8988,1.0868,72,98mm,30,8,240,1200,1000,1838,275.832,77mm,United Kingdom,3924100090,GB880303540000,Wood,5 Working Days,NO,2880,
135-1CL NS,Kristal 12oz Double Rocks,BBP Marketing Ltd,Elite,£8.52,,,,Elite,PC,12,240,Case of 12,NEW,5060104515560,12,207mm,207mm,211mm,0.009041139,0.158,0.03,74.9g,0.8988,1.0868,72,98mm,30,8,240,1200,1000,1838,275.832,77mm,United Kingdom,3924100090,GB880303540000,Wood,5 Working Days,NO,2880,
135-1WH NS,Kristal 12oz White Double Rocks,BBP Marketing Ltd,Elite,£9.65,,,,Elite,PC,12,240,Case of 12,NEW,5060104515638,12,207mm,207mm,211mm,0.009041139,0.158,0.03,74.9g,0.8988,1.0868,72,98mm,30,8,240,1200,1000,1838,275.832,77mm,United Kingdom,3924100090,GB880303540000,Wood,5 Working Days,NO,2880,
115-1CL NS,Kristal 12oz Wine,BBP Marketing Ltd,Elite,£12.95,,,,Elite,PC,12,150,Case of 12,NEW,5060104515867,12,323mm,238mm,185mm,0.01422169,0.222,0.03,92.7g,1.1124,1.3644,73.5,173mm,15,10,150,1200,1000,2000,219.66,75.5mm,United Kingdom,3924100090,GB880303540000,Wood,5 Working Days,NO,1800,
145-1CL NS,Kristal 14oz Hiball,BBP Marketing Ltd,Elite,£11.64,,,,Elite,PC,12,200,Case of 12,NEW,5060104515645,12,243mm,240mm,168mm,0.00979776,0.182,0.03,118.3g,1.4196,1.6316,63,139mm,20,10,200,1200,1000,1830,341.32,69mm,,,,,,NO,2400,
185-1CL NS,Kristal 20oz Gin Goblet,BBP Marketing Ltd,Elite,£14.64,,,,Elite,PC,12,100,Case of 12,NEW,5060104515577,12,408mm,273mm,191mm,0.021274344,0.24,0.03,113.4g,1.3608000000000002,1.6308000000000002,78.8,180.4mm,10,10,100,1200,1000,2060,178.08,95.7mm,United Kingdom,3924100090,GB880303540000,Wood,5 Working Days,NO,1200,
105-1CL NS,Kristal 7oz Flute,BBP Marketing Ltd,Elite,£9.75,,,,Elite,PC,12,240,Case of 12,NEW,,,,,,,,,,,,,,,,,,,,,,,,,,,NO,2880,
097-1CL NS,Martini 9oz,BBP Marketing Ltd,Elite,£15.50,,,,Elite,PC,12,100,Case of 12,14,5060104515324,12,511mm,260mm,197mm,0.02617342,0.335,0.03,85g,1.02,1.385,85,173mm,10,10,100,1200,1000,2120,153.5,120mm,United Kingdom,3924100090,GB880303540000,Wood,5 Working Days,NO,1200,
110-1NB CE48,Neon Blue Elite Hiball 10oz/284ml,BBP Marketing Ltd,Elite,£23.79,,,,Elite,PC,48,100,Case of 48,,5060104512378,48,408mm,273mm,191mm,0.021274344,0.24,0.12,37.4g,1.7952,2.1552,55,121mm,10,10,100,1200,1000,2060,230.51999999999998,63mm,United Kingdom,3924100090,GB880303540000,Wood,5 Working Days,NO,4800,Half pint to brim
102-1CL CE,Nonic Half Pint 10oz/285ml,BBP Marketing Ltd,Elite,£27.23,,,,Elite,PC,100,80,Case of 100,27,5060104512897,100,401mm,271mm,237mm,0.025755027,0.325,0.049,33g,3.3,3.674,55,104mm,10,8,80,1200,1000,2046,308.92,72mm,United Kingdom,3924100090,GB880303540000,Wood,5 Working Days,NO,8000,Half pint to brim
204-1CL CE,Nonic Pint 20oz/568ml,BBP Marketing Ltd,Elite,£46.03,,,,Elite,PC,100,52,Case of 100,27,5060104511883,100,462mm,190mm,480mm,0.0421344,0.4,0.049,70g,7,7.449,71,132mm,13,4,52,1200,1000,2070,402.348,91mm,United Kingdom,3924100090,GB880303540000,Wood,5 Working Days,NO,5200,Pint to brim
8 1201CLP4,PACK 4 Clear 12oz Mug,BBP Marketing Ltd,Elite,£6.10,,,,Elite,PC,4,756,Case of 4,45,5060104515034,4,168mm,168mm,97mm,0.002737728,0.0693,0.01,102.1g,0.4084,0.48769999999999997,78,89mm,42,18,756,1200,1000,TBA,383.7012,78mm,United Kingdom,3924100090,GB880303540000,Wood,5 Working Days,NO,3024,
8 1601CLP4,PACK 4 Clear 16oz Mug,BBP Marketing Ltd,Elite,£7.40,,,,Elite,PC,4,560,Case of 4,45,5060104515393,4,263mm,178mm,88mm,0.004119632,0.007,0.01,143g,0.572,0.589,84,106mm,28,20,560,1200,1000,1910,344.84,85mm,United Kingdom,3924100090,GB880303540000,Wood,5 Working Days,NO,2240,
8 1621CLP4,PACK 4 Remedy Hot Cup,BBP Marketing Ltd,Elite,£9.35,,,,Elite,PC,4,216,Case of 4,45,5060104515416,4,270mm,275mm,100mm,0.007425,0.188,0.01,203g,0.812,1.01,58,160mm,12,18,216,1200,1000,1950,233.16,87mm,United Kingdom,3924100090,GB880303540000,Wood,5 Working Days,NO,864,
8 1201WHP4,PACK 4 White 12oz Mug,BBP Marketing Ltd,Elite,£6.25,,,,Elite,PC,4,756,Case of 4,45,5060104515041,4,168mm,168mm,97mm,0.002737728,0.0693,0.01,102.1g,0.4084,0.48769999999999997,78,89mm,42,18,756,1200,1000,TBA,383.7012,78mm,United Kingdom,3924100090,GB880303540000,Wood,5 Working Days,NO,3024,
8 1601WHP4,PACK 4 White 16oz Mug,BBP Marketing Ltd,Elite,£7.55,,,,Elite,PC,4,560,Case of 4,45,5060104515409,4,263mm,178mm,88mm,0.004119632,0.0072,0.01,143g,0.572,0.5892,84,106mm,28,20,560,1200,1000,1910,344.952,85mm,United Kingdom,3924100090,GB880303540000,Wood,5 Working Days,NO,2240,
098-1PI NS,PINK Coupe Cocktail Saucer 9oz,BBP Marketing Ltd,Elite,£15.20,,,,Elite,PC,12,120,Case of 12,NEW,5060104515874,12,404mm,306mm,167mm,0.020645208,0.27,0.03,67g,0.804,1.104,79,145mm,10,12,120,1200,1000,2154,147.48000000000002,98mm,United Kingdom,3924100090,GB880303540000,Wood,5 Working Days,NO,1440,
141-1PI NS,PINK Premium 6.6oz/187ml Flute,BBP Marketing Ltd,Elite,£17.97,,,,Elite,PC,12,144,Case of 12,NEW,,,,,,,,,,,,,,,,,,,,,,,,,,,NO,1728,
7 PCR22/4,PLATE STACKING RING 220/40,BBP Marketing Ltd,Elite,£13.42,,,,Elite,PC,12,200,Case of 12,40,5060104514990,12,218mm,218mm,140mm,0.00665336,0.153,0.0081,82.1g,0.9852,1.1462999999999999,219,40mm,20,10,200,1200,1000,1550,244.25999999999996,219mm,United Kingdom,3924100090,GB880303540000,Wood,5 Working Days,NO,2400,
116-1NU CE,Penthouse 10oz/284ml Hiball,BBP Marketing Ltd,Elite,£29.16,,,,Elite,PC,36,80,Case of 36,18,5060104512415,36,475mm,243mm,259mm,0.029895075,0.39,0.09,89.7g,3.2292,3.7092,58,117mm,10,8,80,1200,1000,2222,311.736,75mm,United Kingdom,3924100090,GB880303540000,Wood,5 Working Days,YES,2880,Half pint to brim
126-1CL NS,Penthouse 12oz/340ml Tall,BBP Marketing Ltd,Elite,£35.29,,,,Elite,PC,36,60,Case of 36,19,5060104512422,36,482mm,245mm,309mm,0.03648981,0.443,0.09,136g,4.896,5.429,57,142mm,10,6,60,1200,1000,2004,340.74,77mm,United Kingdom,3924100090,GB880303540000,Wood,5 Working Days,NO,2160,
146-1CL NS,Penthouse 14oz/400ml Beverage,BBP Marketing Ltd,Elite,£27.62,,,,Elite,PC,24,70,Case of 24,19,5060104512446,24,355mm,268mm,274mm,0.02606836,0.41,0.06,131g,3.144,3.614,64,130mm,10,7,70,1200,1000,2068,267.98,85mm,United Kingdom,3924100090,GB880303540000,Wood,5 Working Days,NO,1680,
166-1CL NS,Penthouse 16oz/400ml Tall,BBP Marketing Ltd,Elite,£28.40,,,,Elite,PC,24,60,Case of 24,19,5060104512453,24,351mm,263mm,332mm,0.030647916,0.41,0.06,136.3g,3.2712000000000003,3.7412,60,154mm,10,6,60,1200,1000,2142,239.472,84mm,United Kingdom,3924100090,GB880303540000,Wood,5 Working Days,NO,1440,
216-1NU CE,Penthouse 20oz/568ml Tall,BBP Marketing Ltd,Elite,£35.29,,,,Elite,PC,24,50,Case of 24,19,5060104512460,24,371mm,284mm,361mm,0.038036404,0.412,0.06,167g,4.008,4.48,65,166mm,10,5,50,1200,1000,1955,239.00000000000003,91mm,United Kingdom,3924100090,GB880303540000,Wood,5 Working Days,YES,1200,Pint to brim
016-1CL CE,Penthouse 25ml Shot,BBP Marketing Ltd,Elite,£10.87,,,,Elite,PC,24,700,Case of 24,18,5060104512484,24,240mm,155mm,67mm,0.0024924,0.0649,0.0192,24g,0.576,0.6600999999999999,31,54mm,28,25,700,1200,1000,1825,477.06999999999994,38mm,United Kingdom,3924100090,GB880303540000,Wood,5 Working Days,NO,16800,25ml to brim
096-1CL NS,Penthouse 9oz/255ml Rocks,BBP Marketing Ltd,Elite,£25.34,,,,Elite,PC,36,100,Case of 36,18,5060104512408,36,511mm,260mm,197mm,0.02617342,0.335,0.09,68.5g,2.466,2.891,55,112mm,10,10,100,1200,1000,2120,304.1,62mm,United Kingdom,3924100090,GB880303540000,Wood,5 Working Days,NO,3600,
103-1NU CE,Premium 10oz/284ml Hiball,BBP Marketing Ltd,Elite,£27.71,,,,Elite,PC,36,104,Case of 36,10,5060104511944,36,561mm,251mm,149mm,0.020980839,0.315,0.09,70g,2.52,2.925,54,139mm,8,13,104,1200,1000,2087,319.2,60mm,United Kingdom,3924100090,GB880303540000,Wood,5 Working Days,YES,3744,Half pint to brim
143-1CL NS,Premium 11oz/312ml Wine,BBP Marketing Ltd,Elite,£15.35,,,,Elite,PC,12,110,Case of 12,15,5060104512903,12,338mm,253mm,202mm,0.017273828,0.247,0.03,116.4g,1.3968000000000003,1.6738000000000004,78,188mm,11,10,110,1200,1000,2170,199.11800000000005,81mm,United Kingdom,3924100090,GB880303540000,Wood,5 Working Days,NO,1320,
124-1CL NS,Premium 12oz/240ml Hiball,BBP Marketing Ltd,Elite,£34.21,,,,Elite,PC,36,90,Case of 36,10,5060104511609,36,399mm,200mm,327mm,0.0260946,0.29,0.09,81.6g,2.9375999999999998,3.3175999999999997,55,157mm,15,6,90,1200,1000,2112,313.58399999999995,63mm,United Kingdom,3924100090,GB880303540000,Wood,5 Working Days,NO,3240,
123-1CL NS,Premium 12oz/340ml Sundae,BBP Marketing Ltd,Elite,£18.28,,,,Elite,PC,12,100,Case of 12,43,5060104511197,12,372mm,281mm,185mm,0.01933842,0.24,0.03,149g,1.788,2.058,78,170mm,10,10,100,1200,1000,2000,220.79999999999998,90mm,United Kingdom,3924100090,GB880303540000,Wood,5 Working Days,NO,1200,
140-1CL NS,Premium 14oz/400ml Wine,BBP Marketing Ltd,Elite,£24.96,,,,Elite,PC,12,99,Case of 12,15,5060104511814,12,359mm,270mm,215mm,0.02083995,0.24,0.03,144.6g,1.7351999999999999,2.0052,86,210mm,11,9,99,1200,1000,2085,213.51479999999998,85mm,United Kingdom,3924100090,GB880303540000,Wood,5 Working Days,NO,1188,
400-1CL CE,Premium 2 Pint 40oz/1.1l Jug,BBP Marketing Ltd,Elite,£10.41,,,,Elite,PC,4,100,Case of 4,46,5060104511548,4,429mm,216mm,162mm,0.015011568,0.229,0.0148,253.6g,1.0144,1.2582,95,210mm,10,10,100,1200,1000,1770,140.82,151mm,United Kingdom,3924100090,GB880303540000,Wood,5 Working Days,NO,400,2 Pint to line
7 PCB2.5,"Premium 2.5"" 65mm diam chefs bowl",BBP Marketing Ltd,Elite,£6.98,,,,Elite,PC,48,700,Case of 48,39,5060104514877,48,240mm,155mm,67mm,0.0024924,0.0649,0.006,13.4g,0.6432,0.7141,49,26mm,28,25,700,1200,1000,1825,514.8699999999999,63mm,United Kingdom,3924100090,GB880303540000,Wood,5 Working Days,NO,33600,
205-1CL CE,Premium 20oz/568ml Pilsner,BBP Marketing Ltd,Elite,£30.68,,,,Elite,PC,12,110,Case of 12,10,5060104512231,12,338mm,253mm,206mm,0.017615884,0.268,0.03,230g,2.76,3.058,72,195mm,11,10,110,1200,1000,2210,351.38,80mm,United Kingdom,3924100090,GB880303540000,Wood,5 Working Days,NO,1320,Pint to brim
203-1NU CE,Premium 20oz/568ml Pint,BBP Marketing Ltd,Elite,£25.34,,,,Elite,PC,24,70,Case of 24,10,5060104511951,24,485mm,325mm,189mm,0.029791125,0.33,0.06,119g,2.856,3.246,62,178mm,7,10,70,1200,1000,2040,242.22,80mm,United Kingdom,3924100090,GB880303540000,Wood,5 Working Days,YES,1680,Pint to brim
007-1CL CE,Premium 25ml Flare Shot,BBP Marketing Ltd,Elite,£9.71,,,,Elite,PC,24,700,Case of 24,8,5060104512002,24,240mm,155mm,67mm,0.0024924,0.0649,0.0192,17g,0.408,0.4921,29,54mm,28,15,420,1200,1000,1155,221.682,38mm,United Kingdom,3924100090,GB880303540000,Wood,5 Working Days,NO,16800,25ml Brim
7 PCB3.0,"Premium 3"" 75mm diam chefs bowl",BBP Marketing Ltd,Elite,£9.10,,,,Elite,PC,48,700,Case of 48,39,,,,,,,,,,,,,,,,,,,,,,,,,,,NO,33600,
800-1CL CE,Premium 4 Pint 80oz/2.2l Jug,BBP Marketing Ltd,Elite,£17.18,,,,Elite,PC,4,66,Case of 4,47,5060104511746,4,358mm,288mm,308mm,0.031756032,0.41,0.0324,516g,2.064,2.5064,119,264mm,11,6,66,1200,1000,1998,180.4224,190mm,United Kingdom,3924100090,GB880303540000,Wood,5 Working Days,NO,264,4 Pint to line
7 PCB4.0,"Premium 4"" 100mm diam chefs bowl",BBP Marketing Ltd,Elite,£13.22,,,,Elite,PC,48,200,Case of 48,39,,,,,,,,,,,,,,,,,,,,,,,,,,,NO,9600,
7 PCB5.0,"Premium 5"" 130mm diam chefs bowl",BBP Marketing Ltd,Elite,£19.47,,,,Elite,PC,48,150,Case of 48,39,,,,,,,,,,,,,,,,,,,,,,,,,,,NO,7200,
008-1CL CE,Premium 50ml Straight Shot,BBP Marketing Ltd,Elite,£12.08,,,,Elite,PC,24,560,Case of 24,8,5060104512019,24,263mm,178mm,88mm,0.004119632,0.074,0.0192,30.6g,0.7344,0.8276,35,78mm,28,20,560,1200,1000,1910,478.456,37mm,United Kingdom,3924100090,GB880303540000,Wood,5 Working Days,NO,13440,50ml Brim
141-1CL NS,Premium 6.6oz/187ml Flute,BBP Marketing Ltd,Elite,£13.82,,,,Elite,PC,12,144,Case of 12,14,5060104511838,12,275mm,207mm,226mm,0.01286505,0.208,0.0276,76g,0.912,1.1476,67,219mm,18,8,144,1200,1000,1958,180.2544,55mm,United Kingdom,3924100090,GB880303540000,Wood,5 Working Days,NO,1728,
621-1CL NS,Premium 62oz/3 Pint/ 1.7l Serve bowl,BBP Marketing Ltd,Elite,£12.14,,,,Elite,PC,6,200,Case of 6,39,5060104512958,6,221mm,225mm,152mm,0.0075582,0.153,0.0258,200g,1.2,1.3788,126,86mm,20,10,200,1200,1000,1670,290.76,215mm,United Kingdom,3924100090,GB880303540000,Wood,5 Working Days,NO,1200,
063-1CL NS,Premium 6oz/170ml Hiball,BBP Marketing Ltd,Elite,£21.27,,,,Elite,PC,36,150,Case of 36,9,5060104511890,36,369mm,186mm,191mm,0.013109094,0.22,0.09,56.5g,2.034,2.344,55,87mm,15,10,150,1200,1000,2060,366.59999999999997,60mm,United Kingdom,3924100090,GB880303540000,Wood,5 Working Days,NO,5400,
139-1CL NS,Premium 7oz Martini,BBP Marketing Ltd,Elite,£21.47,,,,Elite,PC,12,110,Case of 12,14,5060104512262,12,372mm,281mm,185mm,0.01933842,0.275,0.03,87.2g,1.0464,1.3514,70,172mm,11,10,110,1200,1000,2000,163.654,104mm,United Kingdom,3924100090,GB880303540000,Wood,5 Working Days,NO,1320,
821-1CL NS,Premium 82oz/4 Pint/ 2.3l Serve bowl,BBP Marketing Ltd,Elite,£17.90,,,,Elite,PC,6,200,Case of 6,39,5060104512965,6,243mm,240mm,168mm,0.00979776,0.182,0.0258,276.3g,1.6578000000000002,1.8656000000000001,138,95mm,20,10,200,1200,1000,1830,388.12,238mm,United Kingdom,3924100090,GB880303540000,Wood,5 Working Days,NO,1200,
081-1CL NS,Premium 8oz/227ml Coffee,BBP Marketing Ltd,Elite,£16.17,,,,Elite,PC,18,100,Case of 18,44,5060104511678,18,429mm,216mm,162mm,0.015011568,0.229,0.045,72.3g,1.3014,1.5754,66,134mm,10,10,100,1200,1000,1770,172.54,62mm,United Kingdom,3924100090,GB880303540000,Wood,5 Working Days,NO,1800,
084-1CL NS,Premium 8oz/227ml Hiball,BBP Marketing Ltd,Elite,£24.65,,,,Elite,PC,36,120,Case of 36,9,5060104511906,36,376mm,191mm,238mm,0.017092208,0.238,0.09,68.5g,2.466,2.794,55,112mm,15,8,120,1200,1000,2054,350.28000000000003,62mm,United Kingdom,3924100090,GB880303540000,Wood,5 Working Days,NO,4320,
080-1CL NS,Premium 8oz/227ml Latte,BBP Marketing Ltd,Elite,£18.42,,,,Elite,PC,18,100,Case of 18,44,5060104511661,18,429mm,216mm,162mm,0.015011568,0.229,0.045,97g,1.746,2.02,69,134mm,10,10,100,1200,1000,1770,217,71mm,United Kingdom,3924100090,GB880303540000,Wood,5 Working Days,NO,1800,
083-1CL NS,Premium 8oz/227ml Rocks,BBP Marketing Ltd,Elite,£26.80,,,,Elite,PC,36,100,Case of 36,9,5060104511647,36,429mm,216mm,162mm,0.015011568,0.229,0.09,73.5g,2.646,2.965,62,86mm,10,10,100,1200,1000,1770,311.5,70mm,United Kingdom,3924100090,GB880303540000,Wood,5 Working Days,NO,3600,
125-1CL NS,Premium 9oz/255ml Ice Dish,BBP Marketing Ltd,Elite,£17.80,,,,Elite,PC,12,96,Case of 12,43,5060104511784,12,404mm,306mm,167mm,0.020645208,0.27,0.03,129g,1.548,1.848,85,150mm,8,12,96,1200,1000,2154,192.40800000000002,100mm,United Kingdom,3924100090,GB880303540000,Wood,5 Working Days,NO,1152,
109-1CL NS,Premium 9oz/255ml Wine,BBP Marketing Ltd,Elite,£11.62,,,,Elite,PC,12,150,Case of 12,15,5060104511692,12,323mm,238mm,185mm,0.01422169,0.222,0.03,86.3g,1.0355999999999999,1.2875999999999999,72,173.5mm,15,10,150,1200,1000,2000,208.14,75mm,United Kingdom,3924100090,GB880303540000,Wood,5 Working Days,NO,1800,
020-1CL CE,Premium BB Bomber Shot,BBP Marketing Ltd,Elite,£10.28,,,,Elite,PC,24,240,Case of 24,9,5060104513719,24,207mm,207mm,211mm,0.009041139,0.155,0.0126,41g,0.984,1.1516,61,80mm,30,8,240,1200,1000,1838,291.384,80mm,United Kingdom,3924100090,GB880303540000,Wood,5 Working Days,NO,5760,25ml Brim inner
144-1CL NS,Premium Tristem 11oz/312ml Wine,BBP Marketing Ltd,Elite,£12.09,,,,Elite,PC,12,110,Case of 12,15,5060104514372,12,338mm,253mm,202mm,0.017273828,0.247,0.03,99g,1.188,1.4649999999999999,71,189mm,11,10,110,1200,1000,2170,176.14999999999998,81mm,United Kingdom,3924100090,GB880303540000,Wood,5 Working Days,NO,1320,
600-1CL LD,Premium tall 3pt/1.7l Jug & LID,BBP Marketing Ltd,Elite,£17.58,,,,Elite,PC,4,120,Case of 4,46,5060104513283,4,404mm,306mm,167mm,0.020645208,0.27,0.0424,475g,1.9,2.2123999999999997,99,287mm,10,12,120,1200,1000,2154,280.48799999999994,127mm,United Kingdom,3924100090,GB880303540000,Wood,5 Working Days,NO,480,
600-1CL NL,Premium tall 3pt/1.7l Jug NO LID,BBP Marketing Ltd,Elite,£13.77,,,,Elite,PC,4,120,Case of 4,46,5060104513276,4,404mm,306mm,167mm,0.020645208,0.27,0.0324,392.4g,1.5695999999999999,1.8719999999999999,99,287mm,10,12,120,1200,1000,2154,239.64,127mm,United Kingdom,3924100090,GB880303540000,Wood,5 Working Days,NO,480,
143-1RD NS,RED Premium 11oz/312ml Wine,BBP Marketing Ltd,Elite,£19.88,,,,Elite,PC,12,110,Case of 12,37,5060104514631,12,338mm,253mm,202mm,0.017273828,0.247,0.03,116.4g,1.3968000000000003,1.6738000000000004,78,188mm,11,10,110,1200,1000,2170,199.11800000000005,81mm,United Kingdom,3924100090,GB880303540000,Wood,5 Working Days,NO,1320,
141-1RD NS,RED Premium 6.6oz/187ml Flute,BBP Marketing Ltd,Elite,£17.97,,,,Elite,PC,12,144,Case of 12,36,5060104514624,12,275mm,207mm,226mm,0.01286505,0.208,0.0276,76g,0.912,1.1476,67,219mm,18,8,144,1200,1000,1958,180.2544,55mm,United Kingdom,3924100090,GB880303540000,Wood,5 Working Days,NO,1728,
112-1RD CE,RED Remedy 10oz/284ml Hiball,BBP Marketing Ltd,Elite,£37.32,,,,Elite,PC,36,80,Case of 36,32,5060104514600,36,475mm,243mm,259mm,0.029895075,0.39,0.09,124g,4.464,4.944000000000001,53,120mm,10,8,80,1200,1000,2222,410.5200000000001,78mm,United Kingdom,3924100090,GB880303540000,Wood,5 Working Days,NO,2880,Half pint to brim
122-1RD NS,RED Remedy 12oz/340ml Tall,BBP Marketing Ltd,Elite,£39.13,,,,Elite,PC,36,60,Case of 36,33,5060104514617,36,482mm,245mm,309mm,0.03648981,0.443,0.09,119.8g,4.3128,4.8458000000000006,51,144mm,10,6,60,1200,1000,2004,305.74800000000005,79mm,United Kingdom,3924100090,GB880303540000,Wood,5 Working Days,NO,2160,
090-1RD NS,RED Remedy 9oz/255ml Rocks,BBP Marketing Ltd,Elite,£29.93,,,,Elite,PC,36,100,Case of 36,32,5060104514594,36,511mm,260mm,197mm,0.02617342,0.335,0.09,68.5g,2.466,2.891,55,112mm,10,10,100,1200,1000,2120,304.1,62mm,United Kingdom,3924100090,GB880303540000,Wood,5 Working Days,NO,3600,
138-1CL NS,Regal Tall 13oz/378ml,BBP Marketing Ltd,Elite,£30.54,,,,Elite,PC,24,99,Case of 24,26,5060104513429,24,359mm,270mm,215mm,0.02083995,0.24,0.06,112.4g,2.6976000000000004,2.9976000000000003,59,197mm,11,9,99,1200,1000,2085,311.7624,60mm,United Kingdom,3924100090,GB880303540000,Wood,5 Working Days,NO,2376,
208-1CL CE,Regal Tall Pint/568ml,BBP Marketing Ltd,Elite,£37.37,,,,Elite,PC,24,80,Case of 24,26,5060104513436,24,475mm,243mm,259mm,0.029895075,0.39,0.06,188.7g,4.5287999999999995,4.9788,68,239mm,10,8,80,1200,1000,2222,413.304,68mm,United Kingdom,3924100090,GB880303540000,Wood,5 Working Days,NO,1920,Pint to brim
138-1CL CE,Regal Tall Two thirds Pint 13oz/378ml,BBP Marketing Ltd,Elite,£33.06,,,,Elite,PC,24,99,Case of 24,26,5060104513412,24,359mm,270mm,215mm,0.02083995,0.24,0.06,112.4g,2.6976000000000004,2.9976000000000003,59,197mm,11,9,99,1200,1000,2085,311.7624,60mm,United Kingdom,3924100090,GB880303540000,Wood,5 Working Days,NO,2376,Line at two thirds
112-1CL CE,Remedy 10oz/284ml Hiball,BBP Marketing Ltd,Elite,£33.52,,,,Elite,PC,36,80,Case of 36,16,5060104511074,36,475mm,243mm,259mm,0.029895075,0.39,0.09,124g,4.464,4.944000000000001,53,120mm,10,8,80,1200,1000,2222,410.5200000000001,78mm,United Kingdom,3924100090,GB880303540000,Wood,5 Working Days,NO,2880,Half pint to brim
111-1CL NS,Remedy 11oz/312ml Rocks,BBP Marketing Ltd,Elite,£43.41,,,,Elite,PC,36,66,Case of 36,16,5060104511869,36,374mm,285mm,312mm,0.03325608,0.423,0.09,126g,4.536,5.0489999999999995,63,98mm,11,6,66,1200,1000,2022,348.234,92mm,United Kingdom,3924100090,GB880303540000,Wood,5 Working Days,NO,2376,
122-1CL NS,Remedy 12oz/340ml Tall,BBP Marketing Ltd,Elite,£33.06,,,,Elite,PC,36,60,Case of 36,16,5060104511180,36,482mm,245mm,309mm,0.03648981,0.443,0.09,119.8g,4.3128,4.8458000000000006,51,144mm,10,6,60,1200,1000,2004,305.74800000000005,79mm,United Kingdom,3924100090,GB880303540000,Wood,5 Working Days,NO,2160,
142-1CL NS,Remedy 14oz/400ml Beverage,BBP Marketing Ltd,Elite,£33.72,,,,Elite,PC,24,70,Case of 24,17,5060104511715,24,355mm,268mm,274mm,0.02606836,0.41,0.06,157.4g,3.7776000000000005,4.2476,59,129mm,10,7,70,1200,1000,2068,312.332,88mm,United Kingdom,3924100090,GB880303540000,Wood,5 Working Days,NO,1680,
162-1CL NS,Remedy 16oz/455ml Tall,BBP Marketing Ltd,Elite,£37.29,,,,Elite,PC,24,60,Case of 24,17,5060104511722,24,351mm,263mm,332mm,0.030647916,0.41,0.06,189g,4.536,5.005999999999999,63,160mm,10,6,60,1200,1000,2142,315.35999999999996,86mm,United Kingdom,3924100090,GB880303540000,Wood,5 Working Days,NO,1440,
202-1CL CE,Remedy 20oz/568ml Tall,BBP Marketing Ltd,Elite,£42.67,,,,Elite,PC,24,50,Case of 24,17,5060104511463,24,371mm,284mm,361mm,0.038036404,0.412,0.06,215g,5.16,5.632,60,170mm,10,5,50,1200,1000,1955,296.59999999999997,92mm,United Kingdom,3924100090,GB880303540000,Wood,5 Working Days,NO,1200,Pint to brim
006-1CL CE,Remedy 25ml Shot,BBP Marketing Ltd,Elite,£11.25,,,,Elite,PC,24,700,Case of 24,16,5060104511999,24,240mm,155mm,67mm,0.0024924,0.0649,0.0192,11.3g,0.27120000000000005,0.35530000000000006,28,49mm,28,15,420,1200,1000,1155,164.22600000000003,40mm,United Kingdom,3924100090,GB880303540000,Wood,5 Working Days,NO,16800,25ml to brim
602-1CL NL,Remedy 3 pint/1.7l jug,BBP Marketing Ltd,Elite,£15.88,,,,Elite,PC,4,100,Case of 4,46,5060104515171,4,483mm,246mm,177mm,0.021030786,0.27,0.0324,451g,1.804,2.1064,86,279mm,10,10,100,1200,1000,1920,225.64,150mm,United Kingdom,3924100090,GB880303540000,Wood,5 Working Days,NO,400,
602-1CL LD,Remedy 3 pint/1.7l jug with lid,BBP Marketing Ltd,Elite,£18.60,,,,Elite,PC,4,100,Case of 4,46,5060104515164,4,483mm,246mm,177mm,0.021030786,0.27,0.0424,476g,1.904,2.2164,86,279mm,10,10,100,1200,1000,1920,236.64000000000001,150mm,United Kingdom,3924100090,GB880303540000,Wood,5 Working Days,NO,400,
072-1CL NS,Remedy 7oz/200ml Rocks,BBP Marketing Ltd,Elite,£33.23,,,,Elite,PC,36,100,Case of 36,16,5060104511876,36,483mm,246mm,177mm,0.021030786,0.332,0.09,82.7g,2.9772000000000003,3.3992000000000004,60,80mm,10,10,100,1200,1000,1920,354.9200000000001,80mm,United Kingdom,3924100090,GB880303540000,Wood,5 Working Days,NO,3600,
090-1CLNS,Remedy 9oz/255ml Rocks,BBP Marketing Ltd,Elite,£26.15,,,,Elite,PC,36,100,Case of 36,16,,,,,,,,,,,,,,,,,,,,,,,,,,,NO,3600,
7 162-1CL,Remedy Hot Cup,BBP Marketing Ltd,Elite,£50.12,,,,Elite,PC,24,60,Case of 24,44,506010415133,24,351mm,263mm,332mm,0.030647916,0.41,0.06,203g,4.872,5.342,58,160mm,10,6,60,1200,1000,2142,335.52,87mm,United Kingdom,3924100090,GB880303540000,Wood,5 Working Days,NO,1440,
141-1SV NS,SILVER Premium 6.6oz/187ml Flute,BBP Marketing Ltd,Elite,£17.97,,,,Elite,PC,12,144,Case of 12,36,5060104514655,12,275mm,207mm,226mm,0.01286505,0.208,0.0276,76g,0.912,1.1476,67,219mm,18,8,144,1200,1000,1958,180.2544,55mm,United Kingdom,3924100090,GB880303540000,Wood,5 Working Days,NO,1728,
139-1SV NS,SILVER Premium 7oz Martini,BBP Marketing Ltd,Elite,£21.66,,,,Elite,PC,12,110,Case of 12,35,5060104514785,12,372mm,281mm,185mm,0.01933842,0.275,0.03,87.2g,1.0464,1.3514,70,172mm,11,10,110,1200,1000,2000,163.654,104mm,United Kingdom,3924100090,GB880303540000,Wood,5 Working Days,NO,1320,
109-1SV NS,SILVER Premium 9oz/255ml Wine,BBP Marketing Ltd,Elite,£14.55,,,,Elite,PC,12,150,Case of 12,37,5060104514761,12,323mm,238mm,185mm,0.01422169,0.222,0.03,86.3g,1.0355999999999999,1.2875999999999999,72,173.5mm,15,10,150,1200,1000,2000,208.14,75mm,United Kingdom,3924100090,GB880303540000,Wood,5 Working Days,NO,1800,
122-1SV NS,SILVER Remedy 12oz/340ml Tall,BBP Marketing Ltd,Elite,£39.13,,,,Elite,PC,36,60,Case of 36,34,5060104514747,36,482mm,245mm,309mm,0.03648981,0.443,0.09,119.8g,4.3128,4.8458000000000006,51,144mm,10,6,60,1200,1000,2004,305.74800000000005,79mm,United Kingdom,3924100090,GB880303540000,Wood,5 Working Days,NO,2160,
006-1SV CE,SILVER Remedy 25ml Shot,BBP Marketing Ltd,Elite,£12.42,,,,Elite,PC,24,700,Case of 24,34,5060104514846,24,240mm,155mm,67mm,0.0024924,0.0649,0.0192,11.3g,0.27120000000000005,0.35530000000000006,28,49mm,28,15,420,1200,1000,1155,164.22600000000003,40mm,United Kingdom,3924100090,GB880303540000,Wood,5 Working Days,NO,16800,25ml to brim
090-1SV NS,SILVER Remedy 9oz/255ml Rocks,BBP Marketing Ltd,Elite,£29.93,,,,Elite,PC,36,100,Case of 36,34,5060104514723,36,511mm,260mm,197mm,0.02617342,0.335,0.09,68.5g,2.466,2.891,55,112mm,10,10,100,1200,1000,2120,304.1,62mm,United Kingdom,3924100090,GB880303540000,Wood,5 Working Days,NO,3600,
108-1CL CE,Stubby Half Pint,BBP Marketing Ltd,Elite,£19.80,,,,Elite,PC,36,150,Case of 36,NEW,,,,,,,,,,,,,,,,,,,,,,,,,,,NO,5400,Half pint to brim
108-1NU CE,Stubby Half Pint Nucleated,BBP Marketing Ltd,Elite,£21.60,,,,Elite,PC,36,150,Case of 36,NEW,5060104515959,36,323mm,238mm,185mm,0.01422169,0.222,0.09,61.7g,2.2212,2.5332,61.5,98mm,15,10,150,1200,1000,2000,394.97999999999996,73.6mm,United Kingdom,3924100090,GB880303540000,Wood,5 Working Days,YES,5400,Half pint to brim
209-1CL CE,Stubby Pint,BBP Marketing Ltd,Elite,£21.12,,,,Elite,PC,24,100,Case of 24,NEW,,,,,,,,,,,,,,,,,,,,,,,,,,,NO,2400,Pint to brim
209-1NU CE,Stubby Pint Nucleated,BBP Marketing Ltd,Elite,£22.32,,,,Elite,PC,24,100,Case of 24,NEW,5060104515966,24,372mm,281mm,185mm,0.01933842,0.24,0.06,106.2g,2.5488000000000004,2.8488,76.2,122.5mm,10,10,100,1200,1000,2000,299.88,91.4mm,United Kingdom,3924100090,GB880303540000,Wood,5 Working Days,YES,2400,Pint to brim
104-1NU CE,Viking 10oz/284ml,BBP Marketing Ltd,Elite,£33.58,,,,Elite,PC,36,70,Case of 36,22,5060104512248,36,355mm,268mm,274mm,0.02606836,0.41,0.09,113.6g,4.0896,4.5896,52,127mm,10,7,70,1200,1000,2068,336.272,74mm,United Kingdom,3924100090,GB880303540000,Wood,5 Working Days,YES,2520,Half pint to brim
154-1NU NS,Viking 15oz/426ml,BBP Marketing Ltd,Elite,£29.23,,,,Elite,PC,24,91,Case of 24,22,5060104513672,24,334mm,251mm,299mm,0.025066366,0.329,0.06,150.8g,3.6192,4.0082,58,144mm,13,6,78,1200,1000,1944,327.63960000000003,83mm,United Kingdom,3924100090,GB880303540000,Wood,5 Working Days,YES,2184,
206-1NU CE,Viking Pint 20oz/568ml,BBP Marketing Ltd,Elite,£32.22,,,,Elite,PC,24,66,Case of 24,22,5060104512996,24,351mm,263mm,332mm,0.030647916,0.41,0.06,157.5g,3.78,4.25,62,157mm,11,6,66,1200,1000,2142,295.5,90mm,United Kingdom,3924100090,GB880303540000,Wood,5 Working Days,YES,1584,Pint to brim
210-1CL NS,Vino Grande,BBP Marketing Ltd,Elite,£7.97,,,,Elite,PC,4,240,Case of 4,14,5060104515256,4,207mm,207mm,211mm,0.009041139,0.155,0.01,93g,0.372,0.537,81,200mm,30,8,240,1200,1000,1838,143.88,67mm,United Kingdom,3924100090,GB880303540000,Wood,5 Working Days,NO,960,
097-1WH NS,WHITE 9oz Martini,BBP Marketing Ltd,Elite,£18.60,,,,Elite,PC,12,100,Case of 12,35,5060104515379,12,511mm,260mm,197mm,0.02617342,0.335,0.03,85g,1.02,1.385,85,173mm,10,10,100,1200,1000,2120,153.5,120mm,United Kingdom,3924100090,GB880303540000,Wood,5 Working Days,NO,1200,
7 PCP10-27W,"WHITE PC PLATE 10.5"" 27CM",BBP Marketing Ltd,Elite,£23.25,,,,Elite,PC,12,216,Case of 12,40,5060104515096,12,280mm,280mm,100mm,0.00784,0.186,0.0081,247.6g,2.9711999999999996,3.1653,270,26mm,12,18,216,1200,1000,1950,698.7048,270mm,United Kingdom,3924100090,GB880303540000,Wood,5 Working Days,NO,2592,
7 PCP8-21W,"WHITE PC PLATE 8"" 21cm",BBP Marketing Ltd,Elite,£13.95,,,,Elite,PC,12,216,Case of 12,40,5060104515331,12,280mm,280mm,100mm,0.00784,0.186,0.0081,125.3g,1.5035999999999998,1.6976999999999998,120,19mm,12,18,216,1200,1000,1950,381.7031999999999,209mm,United Kingdom,3924100090,GB880303540000,Wood,5 Working Days,NO,2592,
143-1WH NS,WHITE Premium 11oz/312ml Wine,BBP Marketing Ltd,Elite,£19.88,,,,Elite,PC,12,110,Case of 12,37,5060104513696,12,338mm,253mm,202mm,0.017273828,0.247,0.03,116.4g,1.3968000000000003,1.6738000000000004,78,188mm,11,10,110,1200,1000,2170,199.11800000000005,81mm,United Kingdom,3924100090,GB880303540000,Wood,5 Working Days,NO,1320,
141-1WH NS,WHITE Premium 6.6oz/187ml Flute,BBP Marketing Ltd,Elite,£17.97,,,,Elite,PC,12,144,Case of 12,36,5060104513627,12,275mm,207mm,226mm,0.01286505,0.208,0.0276,76g,0.912,1.1476,67,219mm,18,8,144,1200,1000,1958,180.2544,55mm,United Kingdom,3924100090,GB880303540000,Wood,5 Working Days,NO,1728,
081-1WH NS,WHITE Premium 8oz/227ml Coffee,BBP Marketing Ltd,Elite,£20.10,,,,Elite,PC,18,100,Case of 18,44,5060104513665,18,429mm,216mm,162mm,0.015011568,0.229,0.045,72.3g,1.3014,1.5754,66,134mm,10,10,100,1200,1000,1770,172.54,62mm,United Kingdom,3924100090,GB880303540000,Wood,5 Working Days,NO,1800,
122-1WH NS,WHITE Remedy 12oz/340ml Tall,BBP Marketing Ltd,Elite,£39.13,,,,Elite,PC,36,60,Case of 36,33,5060104513405,36,482mm,245mm,309mm,0.03648981,0.443,0.09,119.8g,4.3128,4.8458000000000006,51,144mm,10,6,60,1200,1000,2004,305.74800000000005,79mm,United Kingdom,3924100090,GB880303540000,Wood,5 Working Days,NO,2160,
202-1WH CE,WHITE Remedy 20oz/568ml Tall,BBP Marketing Ltd,Elite,£45.08,,,,Elite,PC,24,50,Case of 24,33,5060104514365,24,371mm,284mm,361mm,0.038036404,0.412,0.06,215g,5.16,5.632,60,170mm,10,5,50,1200,1000,1955,296.59999999999997,92mm,United Kingdom,3924100090,GB880303540000,Wood,5 Working Days,NO,1200,Pint to brim
006-1WH CE,WHITE Remedy 25ml Shot,BBP Marketing Ltd,Elite,£12.42,,,,Elite,PC,24,700,Case of 24,32,5060104514327,24,240mm,155mm,67mm,0.0024924,0.0649,0.0192,11.3g,0.27120000000000005,0.35530000000000006,28,49mm,28,15,420,1200,1000,1155,164.22600000000003,40mm,United Kingdom,3924100090,GB880303540000,Wood,5 Working Days,NO,16800,25ml to brim
090-1WH NS,WHITE Remedy 9oz/255ml Rocks,BBP Marketing Ltd,Elite,£29.93,,,,Elite,PC,36,100,Case of 36,32,5060104513382,36,511mm,260mm,197mm,0.02617342,0.335,0.09,68.5g,2.466,2.891,55,112mm,10,10,100,1200,1000,2120,304.1,62mm,United Kingdom,3924100090,GB880303540000,Wood,5 Working Days,NO,3600,
144-1WH NS,WHITE Tristem 11oz/312ml,BBP Marketing Ltd,Elite,£14.95,,,,Elite,PC,12,110,Case of 12,37,5060104514419,12,338mm,253mm,202mm,0.017273828,0.247,0.03,99g,1.188,1.4649999999999999,71,189mm,11,10,110,1200,1000,2170,176.14999999999998,81mm,United Kingdom,3924100090,GB880303540000,Wood,5 Working Days,NO,1320,
127-1WH NS,White 12oz Maragrita,BBP Marketing Ltd,Elite,£19.80,,,,Elite,PC,12,100,Case of 12,NEW,5060104515713,12,408mm,273mm,191mm,0.021274344,0.24,0.03,90.4g,1.0848000000000002,1.3548000000000002,84,169mm,10,10,100,1200,1000,2060,150.48000000000002,119mm,United Kingdom,3924100090,GB880303540000,Wood,5 Working Days,NO,1200,
7 120-1WH,White 12oz Mug,BBP Marketing Ltd,Elite,£32.54,,,,Elite,PC,24,150,Case of 24,45,5060104514969,24,323mm,238mm,185mm,0.01422169,0.222,0.06,100g,2.4,2.682,78,89mm,15,10,150,1200,1000,2000,417.3,78mm,United Kingdom,3924100090,GB880303540000,Wood,5 Working Days,NO,3600,
7 160-1WH,White 16oz Mug,BBP Marketing Ltd,Elite,£40.18,,,,Elite,PC,24,99,Case of 24,45,5060104515119,24,359mm,270mm,215mm,0.02083995,0.24,0.06,140.3g,3.3672000000000004,3.6672000000000002,84,106mm,11,9,99,1200,1000,2085,378.05280000000005,85mm,United Kingdom,3924100090,GB880303540000,Wood,5 Working Days,NO,2376,
